"ZONE_NAME","SITE_NAME","3"
RIFT,AMAGORO_SFC,2828
EASTERN,AMBOSELI_SERENA,165
MERU,ANCHENGE,2964
WESTERN,ANGATA_BARRIKOI_PRIMARY,1481
WESTERN,ASUMBI_ATC,1592
MERU,BALESA,406
WESTERN,BANDE,1551
ABERDARE,BARUTI_KIGONORI,2796
MERU,BERGURET,1368
NAIROBI EAST,BROOKSIDE_DAIRIES,594
COAST,BUSHO,308
BUNGOMA,BUSIA_TOWN_IMPROVEMENT,7457
WESTERN,DARAJA_MBILI,3161
WESTERN,DEDE,3059
RIFT,ELDORET_KIPSONA_ESTATE,3263
RIFT,ELDORET_LANGAS,2217
MERU,EMBU_MATAKARI,2514
EASTERN,GARISSA_BULLA_COUNTY,1027
EASTERN,GARISSA_BULLA_QUBA,1951
RIFT,GARITEI,153
COAST,GEDE,2697
ABERDARE,GITIRI,1009
BUNGOMA,GOT_OYENGA,1521
NAIROBI EAST,HEHO,1862
MERU,IRIAINI_KARATINA,1742
MERU,ISIOLO_TOWN,5244
NAIROBI EAST,ITHANGA_ATC,2223
NAIROBI CENTRAL,JOSKA_JUNCTION,2251
MERU,KAAGA,2803
MERU,KAGIO,4770
MERU,KAGONGO,2742
COAST,KALOLENI,5903
NAIROBI EAST,KAMAGUTA,1967
NAIROBI EAST,KAMUCHEGE,552
MERU,KANYOTU_ESTATE,1598
RIFT,KAPSABET,4063
ABERDARE,KAPTEN,1732
MERU,KARARE,644
NAIROBI CENTRAL,KARURA_KANYUNGU,2412
EASTERN,KATHAANA_MARKET,688
EASTERN,KATHONZWENI,1259
EASTERN,KATHYAKA,1681
EASTERN,KATOLON,1727
WESTERN,KEHANCHA,5347
WESTERN,KEUMBU,6066
BUNGOMA,KHAYEGA,4291
MERU,KIAMUTUGU,1111
NAIROBI EAST,KIANDUTU_SLUMS,2815
MERU,KIANJAI,5855
BUNGOMA,KIBISI,1124
EASTERN,KIBWEZI_2,2691
WESTERN,KILGORIS,7006
COAST,KILIFI_TOWN_2,1555
NAIROBI WEST,KISERIAN_DAM,287
WESTERN,KISII_MASJID,1456
WESTERN,KISUMU_DUNGA_BEACH,655
RIFT,KITALE_CBD,5821
RIFT,KITALE_NAMAWANGA,3957
RIFT,KITALE_WAITALUK,2802
RIFT,KITALE_WAMUINI,2195
WESTERN,KOIWA,1751
BUNGOMA,KOLANYA,1477
WESTERN,KOSELE_NEW,459
WESTERN,KOYABEI,549
COAST,KWALE_MAKONGENI,780
COAST,KWALE_UKUNDA,4955
RIFT,KWANZA,4954
EASTERN,KYOANI,1361
EASTERN,KYONGWANI_ATC,1393
RIFT,LEMORU,1068
NAIROBI WEST,LIMURU_ECD,1248
NAIROBI WEST,LIMURU_TOWN,2374
ABERDARE,LOGOLOGO,248
WESTERN,LOLGORIAN,3018
WESTERN,MACALDER,1907
COAST,MAFISINI_MTOPANGA,3780
WESTERN,MAGWAGWA,2618
BUNGOMA,MAHIRA,1761
BUNGOMA,MALABA,6884
BUNGOMA,MALAKISI,1872
RIFT,MALIKI,3561
COAST,MALINDI_COMPLEX,454
COAST,MALINDI_VOFEA,3227
WESTERN,MANGA,2103
WESTERN,MAWEGO,5433
EASTERN,MBOONI_NGUNDUNI_FOREST,2584
MERU,MERU_TOWN_CENTER,1095
COAST,MIHONGANI,2883
COAST,MOMBASA_BAMBURI,451
COAST,MOMBASA_KONGOWEA,4034
COAST,MOMBASA_KONGOWEA_MARKET,3144
COAST,MOMBASA_KWA_JOMVU_MIKANJUNI,2277
COAST,MOMBASA_MAGONGO,2594
COAST,MOMBASA_MAGONGO_2,4474
COAST,MOMBASA_MAKUPA,2099
COAST,MOMBASA_MIKOROSHONI,2852
COAST,MOMBASA_MLALEO_KISAUNI,4151
COAST,MOMBASA_MTO_PANGA,3964
COAST,MOMBASA_MWANDONI,4260
COAST,MOMBASA_MWEMBE_TAYARI,3083
COAST,MOMBASA_NEW_MAJENGO_ORANGE,3157
COAST,MOMBASA_NYALI_CENTRE,1561
COAST,MOMBASA_PORT_REITZ,1682
COAST,MOMBASA_TUDOR,1484
COAST,MTEPENI_ATC,1131
MERU,MULIKA_MARKET,2397
BUNGOMA,MUMIAS_EKERO_MARKET,1674
MERU,ARCHERS_POST,846
RIFT,BARATON,978
RIFT,BIRUNDA,3237
WESTERN,BOBARACHO,4911
BUNGOMA,BUMALA,5463
MERU,CHAKA,1791
RIFT,CHEPARERIA,3370
RIFT,CHEPTEBO,1047
RIFT,CHEPTIL_ATC,575
RIFT,CHEPTONON,2002
COAST,CHONYI,2257
NAIROBI WEST,CROSSBY_SHELTERS,866
MERU,DAMBALA_FACHANA,459
COAST,DIANI_MKOYO,537
BUNGOMA,DOROFU,2249
ABERDARE,ELDAMA_RAVINE,4190
RIFT,ELDORET_BUS_PARK,4100
RIFT,ELDORET_CHEPKOILEL,1208
RIFT,ELDORET_KIDIWA,3312
RIFT,ELDORET_YAMUMBI,1606
RIFT,EMBOASIS,2833
RIFT,FLAX_KOIBARAK,779
NAIROBI WEST,GATHIRIONI,384
NAIROBI EAST,GATUANYAGA_GARISSA_ROAD,2736
NAIROBI EAST,GATUNDU,2959
WESTERN,GESIMA,3825
COAST,GROGON_HILL,721
NAIROBI WEST,ILBISIL,2175
MERU,ISIOLO_MAILI_TANO,1886
RIFT,KABULWO_ATC,453
WESTERN,KAJWANG_OKOK,2853
BUNGOMA,KAKAMEGA_CANNON_AWORI_STREET,2622
NAIROBI EAST,KAMBITI_ATC,1881
MERU,KAMBURAINI_PRIMARY,762
ABERDARE,KAMPI_YA_SAMAKI,616
MERU,KAMUGERE,3327
WESTERN,KANDEGE,1302
WESTERN,KANO,1716
RIFT,KAPSOWAR,2680
RIFT,KAPYEGO,4103
MERU,KARII_ATC,2114
NAIROBI EAST,KARIRU,3635
RIFT,KASES,600
EASTERN,KATANGA_HILL,2511
EASTERN,KATHEKANI,315
WESTERN,KENEGUT,3027
WESTERN,KERICHO_TOWN,1585
WESTERN,KEROKA,5098
BUNGOMA,KHACHONGE,2133
BUNGOMA,KHUMUSALABA,2096
MERU,KIAMUTUGU_SHOPPING_CENTRE,816
NAIROBI CENTRAL,KIBIKU,1060
COAST,KIDONG_HILL,1262
MERU,KIGUMO_ATC,1496
COAST,KILIFI_TOWN,1998
MERU,KIMBIMBI,3164
BUNGOMA,KIMILILI_TOWN,6811
MERU,KIMUNYE,2852
MERU,KINNA,1069
WESTERN,KIOMITI,4296
WESTERN,KIONG_ONG_I_PRIMARY,4584
RIFT,KIPKABUS,1069
ABERDARE,KIPSARAMAN,2927
WESTERN,KIRAMROK,1251
NAIROBI EAST,KIRERE,2451
COAST,KIREWE,2242
NAIROBI EAST,KIRIGITI_SOUTH,144
NAIROBI WEST,KISAJU,1901
NAIROBI EAST,KISII_ESTATE_THIKA,5249
WESTERN,KISII_EXCHANGE,1756
WESTERN,KISII_NYAKONGO,4983
WESTERN,KISUMU_MAMBOLEO,1386
WESTERN,KISUMU_MANYATTA_SKYWAY,4113
WESTERN,KISUMU_MOLASSES,3018
WESTERN,KISUMU_OGANGO,3052
RIFT,KITALALE,2111
RIFT,KITALE_EAST,1999
EASTERN,KITHIMANI,2443
EASTERN,KSYUSIANI,1503
NAIROBI EAST,KWAMAIKO,2341
EASTERN,KYAKITUKU,2480
MERU,LACIATHURIU,2500
RIFT,LOMUT,1348
WESTERN,LONGISA,3977
BUNGOMA,LUKUME,2792
RIFT,LUKUYANI,1489
EASTERN,MACHAKOS_MIWANI_ESTATE,1902
ABERDARE,MAHI_MAHU_TOWN,2881
ABERDARE,MAJI_MOTO_HILL,1399
COAST,MALINDI_SABASABA_NGALA,2501
COAST,MALINDI_TOURIST_MARKET,1118
COAST,MANYANI,591
MERU,MANYATA,2233
BUNGOMA,MARAKUSI_MAKUTANO,2264
ABERDARE,MARALAL,5542
WESTERN,MARIWA,1906
MERU,MARUA_ATC,1118
EASTERN,MATILIKU,2807
EASTERN,MBA_ATC,2748
EASTERN,MBONDONI,2028
COAST,MENZAMWENYE,2052
WESTERN,MERIGI,1804
COAST,MGANGE_MWANDA,1967
WESTERN,MIKUMI_HILLS,3294
WESTERN,MIRUKA_ATC,4675
MERU,MITUNGUU_KIIJA,4458
NAIROBI WEST,MLOLONGO_BEIJING_ROAD,2510
WESTERN,MOKOMONI,3766
ABERDARE,MOLO_KIMUGUL,2033
BUNGOMA,ABOKE_UWAI,1250
BUNGOMA,ANGURAI,3560
BUNGOMA,ANYIKO,1943
NAIROBI WEST,ATHI_RIVER_ACACIA,1785
BUNGOMA,BITOBO,1992
WESTERN,BODI_HILL,2475
WESTERN,BROOKBOND,2380
BUNGOMA,BUNGOMA_SIKATA,1244
BUNGOMA,BUYOFU,1764
COAST,CHAWIA,1790
BUNGOMA,CHEBUKAKA,4403
WESTERN,CHEMELIL_SUGAR_NEW,2184
WESTERN,CHEPILAT,1919
RIFT,CHEPKORIO,1196
WESTERN,CHEPLANGET,1286
RIFT,CHESOI,1676
COAST,DABASSO_DONGO_KUNDU,713
WESTERN,DAGO,1881
NAIROBI WEST,DEVKI,2509
BUNGOMA,DIENYA,2357
RIFT,ELDORET_BACON_ESTATE,3100
RIFT,ELDORET_HURUMA,3480
RIFT,ELDORET_LIGHTHOUSE,2522
RIFT,ELGEYO_BORDER_CENTRE,1151
ABERDARE,EMINING,905
MERU,ENDARASHA_ATC,1038
EASTERN,ENTARARA,1261
BUNGOMA,ESHISIRU_CENTRE,1987
BUNGOMA,FUNYULA,5682
RIFT,GARAGE,928
EASTERN,GARISSA_NGULET,2050
RIFT,GAS_PRIMARY_SCHOOL,271
WESTERN,GEMBE_HILL,1065
WESTERN,GETAMBWEGA,1557
WESTERN,GETUNO,2696
ABERDARE,GILGIL,6537
MERU,GK_MWEA_PRISON,1748
WESTERN,HOMABAY_TOWN,7491
COAST,JILORE,1485
NAIROBI EAST,JUJA_FARM,2531
WESTERN,KABIANGA_NEW_ATC,3620
ABERDARE,KABIMOI,1039
RIFT,KABOMOI,902
RIFT,KACHELIBA,2587
NAIROBI WEST,KAJIADO_DC_SAFCOM,2176
NAIROBI WEST,KAJIADO_KWA_DC,1419
MERU,KAMBACHI,4336
WESTERN,KAMUREITO,1165
BUNGOMA,KANDUYI,3187
NAIROBI EAST,KANGOYA,1543
MERU,KANGURWE,1677
MERU,KARATINA,2864
MERU,KARATINA_MINJU_PLAZA,3578
RIFT,KARUNA,1733
EASTERN,KATELEMBO,1179
WESTERN,KATOLO,1422
EASTERN,KATUTU,2090
MERU,KAWIRU,7808
WESTERN,KEGONGA,2650
WESTERN,KERICHO_SHIVLING,3787
RIFT,KERITA,905
MERU,KIAGATHA,1413
NAIROBI CENTRAL,KIAMBAA,1635
NAIROBI CENTRAL,KIAMBU_NORTH,974
NAIROBI EAST,KIAMBU_REYMARK_HOTEL,2141
MERU,KIANYAGA,4532
NAIROBI WEST,KIBERA_LINDI_MOSQUE,611
BUNGOMA,KIBOOCHI_CENTRE,1393
ABERDARE,KIKOPEY,1269
COAST,KILIFI_KIWANJANI,5639
EASTERN,KIMANA,2604
RIFT,KIMININI,5498
EASTERN,KINGOTI,2250
NAIROBI CENTRAL,KINOO_ORANGE,1926
COAST,KIPINI_ATC,1402
WESTERN,KIPTERE,1445
ABERDARE,KIRATHIMO,2959
NAIROBI EAST,KIRIGITI,2436
WESTERN,KISUMU_KILIMANI,2784
WESTERN,KISUMU_NYALENDA,3591
WESTERN,KISUMU_STADIUM,3015
RIFT,KITALE_CHETOTO_PRIMARY,2892
RIFT,KITALE_SIBANGA,4430
MERU,KITHANGARI,6502
EASTERN,KIVAANI,1235
RIFT,KONYAO,852
BUNGOMA,KWANGAMOR,1361
EASTERN,KYATUNE,935
MERU,LAARE_TOWN,6721
WESTERN,LITEIN,4154
ABERDARE,LOWER_PESI,2576
WESTERN,LUANDA_KONYANGO,2276
NAIROBI WEST,LUKENYA,1379
BUNGOMA,MADEDE_ATC,1959
EASTERN,MADOGO,221
ABERDARE,MAIRO_INYA,1410
EASTERN,MALIKU_ATC,1523
NAIROBI EAST,MANGU,3157
BUNGOMA,MARAGOLI_HILL,2742
COAST,MARIAKANI,10012
WESTERN,MASABA_GETONGANYA,2409
NAIROBI WEST,MAVUNO_GREAT_WALL_GARDENS,1998
EASTERN,MBOONI,3064
MERU,MERU_TOWN,2967
COAST,MITCHEL_JUNDA,5868
NAIROBI WEST,MLOLONGO,7356
NAIROBI WEST,MLOLONGO_NGATA,4462
COAST,MOMBASA_LIKONI_346,4172
COAST,MOMBASA_MIKINDANI_NORTH,1874
ABERDARE,ADC_KAHURUKO,1154
WESTERN,AHERO,4798
WESTERN,AINAPMOI,1672
WESTERN,ASAWO,607
COAST,BAMBA,2740
EASTERN,BANGALI,1408
ABERDARE,BARAGOI_ATC,912
ABERDARE,BARAO_ATC,2857
BUNGOMA,BONDO_GUBA,3833
BUNGOMA,BUKHAYWA,7352
BUNGOMA,BUTERE,3216
BUNGOMA,CHEPTAIS,5641
BUNGOMA,CHEPTAIS_CHEPKUBE,4066
MERU,CONSOLATA_HOSPITAL_MATHARI,688
COAST,DIANI_EXCHANGE,1072
RIFT,ELDORET_EATECH,1527
RIFT,ELDORET_KIMUMU,3289
RIFT,ELDORET_TESTIMONY,952
MERU,EMBU_KARI,3222
BUNGOMA,EMUHAYA,1975
BUNGOMA,ESHIRONYANGAH,3169
NAIROBI EAST,GAKOE,1518
MERU,GATIMBINE,2673
NAIROBI EAST,GATUNDU_NORTH,1973
NAIROBI EAST,GATURA,3118
COAST,GEDE_2,474
NAIROBI CENTRAL,GIKUNI,1336
NAIROBI WEST,GITARU,1703
MERU,GITHIMU,2525
MERU,GITINGA_ATC,1119
NAIROBI EAST,GITUAMBA,1965
WESTERN,GOD_OLOO,1273
RIFT,HEYS_BRIDGE,2350
WESTERN,IBENCHO,5409
MERU,IHWAGI,1402
EASTERN,IIANI_ATC,351
WESTERN,IKEREGE,2023
EASTERN,IVUMBUNI,754
COAST,JILANI_KATSIMBALWENA,1108
EASTERN,KAANI,3080
ABERDARE,KABEL,1378
NAIROBI EAST,KAKUZI,2383
MERU,KALACHA,607
EASTERN,KAMBU,2013
RIFT,KAMOBO,1197
RIFT,KAPSAIT,1324
EASTERN,KAVISUNI,809
COAST,KENANI,39
MERU,KENYAKINE,2242
COAST,KHWADEMU,1311
BUNGOMA,KHWISERO,1043
NAIROBI EAST,KIAMBU_THEMBIGUA,2140
MERU,KIAMUGUONGO,2731
NAIROBI CENTRAL,KIBUTU_1,679
ABERDARE,KIHINGO_ATC,3741
EASTERN,KIKOKO_HILL,1243
EASTERN,KILANGUNI_NEW,64
NAIROBI EAST,KIMORORI_NORTH,2593
BUNGOMA,KIMWAGA,2724
RIFT,KIMWONDO,3987
COAST,KINARANI,3505
RIFT,KIPSIMU_NDAPTABWA,2115
ABERDARE,KIPTANGWANY,2081
MERU,KIRUA_HILL_ATC,2946
MERU,KISIMA_FARM,1646
WESTERN,KISUMU_CARWASH_1,300
WESTERN,KISUMU_MANYATTA_B,2833
WESTERN,KISUMU_MEGA_CITY_IBS,60
NAIROBI WEST,KITENGELA_MUIGAI,2624
EASTERN,KITHUKI_ATC,1715
EASTERN,KITUI_MUSLIM_SECONDARY,3681
EASTERN,KITUI_TOWN,4804
EASTERN,KIUNDANI_MUSAMBA,1833
RIFT,KIWAWA,1642
ABERDARE,KOJONGA,1473
RIFT,KUINET_ATC,1416
ABERDARE,KURESOI,2781
COAST,KWALE_SUGAR_FACTORY,1226
EASTERN,KWAVONZA_NEW,3487
COAST,KYULU_HILL,102
MERU,LAISAMIS_HILL,94
MERU,LAISAMIS_TOWN,642
COAST,LIKONI_MAWENI,6053
RIFT,LOKADULE,104
BUNGOMA,LUANDA,5033
NAIROBI WEST,LUKENYA_UNIVERSITY_ATC,1225
RIFT,LUMAKANDA,3333
COAST,LUNGA_LUNGA_MPAKA,836
BUNGOMA,LUNZA,2559
BUNGOMA,LWANDETI,2005
WESTERN,MABERA_THAGARE,1877
EASTERN,MACHAKOS_KATHIANI,5374
EASTERN,MAKUENI_KIBOKO,1418
EASTERN,MAKUTANO_MWALA,2636
EASTERN,MAKUYUNI,2790
ABERDARE,MAOMBI_HILL,3951
ABERDARE,MARA_MUSIARA,81
MERU,MARSABIT,3019
ABERDARE,MAU_SUMMIT,2333
COAST,MAYUNGU,2419
ABERDARE,MBARUK,2353
MERU,MERU_EXCHANGE,1245
WESTERN,MIGORI_TOWN_ALLANDICK,1960
MERU,MIKINDURI,2991
WESTERN,MOGOGOSIEK,1616
ABERDARE,MOLO_BYGUM,1523
ABERDARE,MOLO_TEMBEA_NA_YESU,2389
ABERDARE,MOLO_TOWN,2390
COAST,MOMBASA_ARM_KALOLENI_MICRO,2562
COAST,MOMBASA_BAMBURI_UTANGE,3383
COAST,MOMBASA_JUNDA,4032
COAST,MOMBASA_KAKUJO_MAPIPANI,2390
COAST,MOMBASA_MTO_PANGA_2,3797
RIFT,MOUNT_ELGON_ORCHARDS,3820
MERU,MUKURWENI,3040
NAIROBI EAST,MURERA_JUNDA,2358
EASTERN,MUTHUE_HILL,1453
EASTERN,MUTOMO,2708
COAST,MWALUPHAMBA,1407
COAST,MWANAMWINGA,853
NAIROBI WEST,NAIROBI_ABC_PLACE_IBS,152
NAIROBI CENTRAL,NAIROBI_BURUBURU_PHASE_V_SFC,1095
NAIROBI WEST,NAIROBI_CATHOLIC_MISSION_WAIYAKI_WAY,822
NAIROBI WEST,NAIROBI_COCA_COLA_HQS_IBS,1
NAIROBI CENTRAL,NAIROBI_CONCORDE_HOTEL,1375
NAIROBI WEST,NAIROBI_CORPERATIVE_COLLEGE,1368
NAIROBI WEST,NAIROBI_DAGORETTI_BOYS,448
NAIROBI EAST,NAIROBI_DANDORA_PHASE_II,3226
NAIROBI CENTRAL,NAIROBI_FACTORY,4018
NAIROBI CENTRAL,NAIROBI_FOUR_POINT_HOTEL,696
NAIROBI WEST,NAIROBI_FREEDOM_HEIGHTS,1378
NAIROBI EAST,NAIROBI_GITHURAI,4235
NAIROBI EAST,NAIROBI_GITHURAI_MWIHOKO_2,2070
NAIROBI WEST,NAIROBI_HURLINGHUM,1297
NAIROBI WEST,NAIROBI_KABIRIA_ATC,6654
NAIROBI EAST,NAIROBI_KAHAWA_WEST_SAFCOM,2141
NAIROBI CENTRAL,NAIROBI_KAMUKUNJI_TRADING_CENTRE,2781
NAIROBI WEST,NAIROBI_KAREN_BIBLE_SCHOOL,1243
NAIROBI EAST,NAIROBI_KASARANI_WARREN,1688
NAIROBI CENTRAL,NAIROBI_KAYOLE_BAHATI,4481
NAIROBI EAST,NAIROBI_KAYOLE_MATOPENI,2357
NAIROBI CENTRAL,NAIROBI_KITISURU,1823
NAIROBI CENTRAL,NAIROBI_LIBERTY_PLAZA,844
NAIROBI CENTRAL,NAIROBI_LOWER_KABETE_POSTA,1599
NAIROBI WEST,NAIROBI_MAMBA_VILLAGE,838
NAIROBI WEST,NAIROBI_MANDERA_ROAD,1371
NAIROBI WEST,NAIROBI_MASTERMIND,1188
NAIROBI EAST,NAIROBI_MIREMA_DRIVE,3112
NAIROBI EAST,NAIROBI_MUTARAKWA_ROAD,3456
NAIROBI EAST,NAIROBI_NJIRU_MAJI_MAZURI,4274
NAIROBI WEST,NAIROBI_OLE_ODUME_KILIMANI,1144
NAIROBI CENTRAL,NAIROBI_OVAL_IBS,75
NAIROBI CENTRAL,NAIROBI_PANGANI_HOMBE_ROAD,571
NAIROBI WEST,NAIROBI_RIARA_ROAD,2087
NAIROBI CENTRAL,NAIROBI_RIARA_SPRINGS_IMARA_DAIMA,4173
NAIROBI WEST,NAIROBI_RONGAI_OLE_ROAD,2002
NAIROBI CENTRAL,NAIROBI_RUAI_GREEN_SPRING,984
NAIROBI EAST,NAIROBI_RUARAKA_BENSLOFT_APARTMENTS,2694
NAIROBI EAST,NAIROBI_SAFARI_PARK_THIKA_ROAD,1952
NAIROBI WEST,NAIROBI_SDA_VALLEY_ROAD,405
NAIROBI CENTRAL,NAIROBI_SOLIDARITY_STREET,1341
NAIROBI CENTRAL,NAIROBI_SURVEY_OF_KENYA,2394
NAIROBI CENTRAL,NAIROBI_THINGIRI,592
NAIROBI WEST,NAIROBI_TUALA_MARKET,784
NAIROBI EAST,NAIROBI_UMOJA_II_ZONE,2245
NAIROBI CENTRAL,NAIROBI_UMOJA_MOI_DRIVE_2,1882
NAIROBI CENTRAL,NAIROBI_UON_LOWER_KABETE,1009
NAIROBI WEST,NAIROBI_WAITHAKA,2248
NAIROBI WEST,NAIROBI_WAIYAKI_WAY,611
NAIROBI WEST,NAIROBI_WEST_PARK_SUITES,1411
ABERDARE,NAKURU_DAWSONVILLE,1953
ABERDARE,NAKURU_KAPTEMBWA,6396
ABERDARE,NAKURU_MAASAI_ROAD,1153
ABERDARE,NAKURU_UNGA_ESTATE,2950
ABERDARE,NAKURU_WEI_WEI,1143
MERU,NANYUKI_JUAKALI,1261
COAST,NGALA,1439
NAIROBI WEST,NGONG_GICHAGI,1722
EASTERN,NGULUNI,1722
MERU,NGUSISHI,2024
ABERDARE,NJORO,2901
EASTERN,NUNGUNI,1752
ABERDARE,NYAHURURU_SEREMALA_RD,1503
WESTERN,NYAKISESE,1964
WESTERN,NYAMARIMBA,1696
WESTERN,NYANGINA,2119
MERU,NYERI_PAMKI_CBD,2628
ABERDARE,OLJOROOROK,1346
ABERDARE,OLKARIA_GEOTHERMAL,458
ABERDARE,OLKURTO,1450
NAIROBI WEST,OLSIRUA_HILL,1078
COAST,MOMBASA_MLANGO_WA_PAPA,1353
COAST,MOMBASA_MNAZINI,1539
COAST,MSAMBWENI,2456
NAIROBI CENTRAL,MUCHATHA_VILLAGE,2931
NAIROBI WEST,MUGUGA,3622
COAST,MUKOWE,787
WESTERN,MULOT,1872
COAST,MUNJE,360
NAIROBI EAST,MURERA_NEW,2719
MERU,MURINDUKO,2123
NAIROBI CENTRAL,NAIROBI_ARCHIVES_SC_1,55
NAIROBI CENTRAL,NAIROBI_ARCHIVES_SC_2,23
NAIROBI CENTRAL,NAIROBI_BANQUE_VILLA_SOUTH_B,733
NAIROBI WEST,NAIROBI_BERNARD_ESTATE,3197
NAIROBI CENTRAL,NAIROBI_CORNER_PLAZA_MICRO,15
NAIROBI EAST,NAIROBI_DANDORA_PHASE_4,4275
NAIROBI CENTRAL,NAIROBI_ELECTRICITY_HOUSE,1084
NAIROBI CENTRAL,NAIROBI_FOUR_SEASONS_PLAZA,575
NAIROBI CENTRAL,NAIROBI_GIKOMBA,2956
NAIROBI EAST,NAIROBI_GITHURAI_45_ATC,218
NAIROBI EAST,NAIROBI_GITHURAI_AKIDA_BAKERY,3664
NAIROBI CENTRAL,NAIROBI_HURUMA,3172
NAIROBI EAST,NAIROBI_KAHAWA_SUKARI,1132
NAIROBI WEST,NAIROBI_KAREN_WARAI_ROAD,475
NAIROBI EAST,NAIROBI_KARIOBANGI_SOUTH_NEW,3394
NAIROBI EAST,NAIROBI_KASARANI_IMPROVEMENT,1470
NAIROBI CENTRAL,NAIROBI_KENYA_AIRWAYS_HQ,731
NAIROBI CENTRAL,NAIROBI_KIHARA_RED_HILL,5086
NAIROBI EAST,NAIROBI_KIWANJA,2915
NAIROBI CENTRAL,NAIROBI_KMA_GARISSA_LODGE,1976
NAIROBI WEST,NAIROBI_LAVINGTON_MALL_IBS,642
NAIROBI CENTRAL,NAIROBI_MBOTELA,3332
NAIROBI CENTRAL,NAIROBI_MOI_AIR_BASE,4728
NAIROBI CENTRAL,NAIROBI_MOUNTAIN_VIEW,4563
NAIROBI CENTRAL,NAIROBI_MOUNTAIN_VIEW_THIONGO,1877
NAIROBI CENTRAL,NAIROBI_NGALA_MICRO_CELL,107
NAIROBI WEST,NAIROBI_NGANDO,3611
NAIROBI EAST,NAIROBI_NGUMBA,2907
NAIROBI EAST,NAIROBI_NGUNYUMU_PRIMARY,3039
NAIROBI CENTRAL,NAIROBI_OLD_DONHOLM,1079
NAIROBI CENTRAL,NAIROBI_PARKLANDS,1069
NAIROBI WEST,NAIROBI_PARKVIEW,769
NAIROBI CENTRAL,NAIROBI_PIPELINE_LENANA,6685
NAIROBI WEST,NAIROBI_RAFIKI_MILLERS,518
NAIROBI CENTRAL,NAIROBI_SARIT_CENTRE_BLOCK_2_IBS,445
NAIROBI CENTRAL,NAIROBI_SOUTH_B,3125
NAIROBI EAST,NAIROBI_TUSKER,2659
NAIROBI CENTRAL,NAIROBI_VILLA_FRANCA,1340
ABERDARE,NAKURU_FREEHOLD,1566
ABERDARE,NAKURU_LANET,2375
ABERDARE,NAKURU_MASAI_AVENUE,1266
ABERDARE,NAKURU_MAWAKA,3809
ABERDARE,NAKURU_NAIVAS_IBS,31
BUNGOMA,NDORI,2709
COAST,NGAO,960
NAIROBI EAST,NGONDA,1892
EASTERN,NTHONGONI,1662
MERU,NTUNYAI,1384
WESTERN,NYACHEKI,2989
WESTERN,NYAMASEKA,1643
WESTERN,NYAMIRA_MANGA,5480
WESTERN,NYANCHWA,1070
BUNGOMA,NYANGOMA,3487
WESTERN,NYANSIONGO_GESIMA,3544
ABERDARE,OLENGURUONE,2660
ABERDARE,OLKALAU_HILL,2467
BUNGOMA,PORT_VICTORIA,3689
WESTERN,RAMBA_MARKET,1778
NAIROBI WEST,RIRONI,1130
WESTERN,RODI,6783
NAIROBI WEST,RONGAI_SGR,446
NAIROBI EAST,RUIRU_MILLS,802
NAIROBI EAST,SABASABA,2710
RIFT,SABOTI,4020
ABERDARE,SALGAA,2809
ABERDARE,SAROVA_LION_HILL_GAME_LODGE,82
ABERDARE,SHAMATA,3181
BUNGOMA,SIGOMERE,1103
RIFT,SINGORE,1225
ABERDARE,SOLAI_ARUTANI,2045
WESTERN,SUBA_MBITATOWN,551
EASTERN,SULTAN_HAMUD,2035
WESTERN,TEPKUTWET,901
COAST,TEZO,3617
EASTERN,THEKE_HILL,1404
ABERDARE,THIGIO,1290
MERU,THINGITHU_NANYUKI_ATC,1454
BUNGOMA,TIGOI,1861
NAIROBI WEST,TIGONI,1617
BUNGOMA,TULUKUI,2360
BUNGOMA,MUMIAS_WEST,1629
NAIROBI EAST,MURANGA_TOWN_ATC,1497
NAIROBI EAST,MURERA,1942
EASTERN,MUTHETHENI,1813
BUNGOMA,MUTOMOLO_CENTRE,2114
ABERDARE,NAIREGENKARE,2113
NAIROBI WEST,NAIROBI_ARBORETUM,206
NAIROBI CENTRAL,NAIROBI_ARCHIVES_MICRO,50
NAIROBI EAST,NAIROBI_BABA_DOGO_LUCKY_SUMMER,3523
NAIROBI CENTRAL,NAIROBI_BARCLAYS_PLAZA,365
NAIROBI WEST,NAIROBI_BOHRA_UNIVERSITY,1886
NAIROBI CENTRAL,NAIROBI_CITY_SQUARE,744
NAIROBI WEST,NAIROBI_DAGORETTI,975
NAIROBI CENTRAL,NAIROBI_FOREST_ROAD_NEW,1730
NAIROBI CENTRAL,NAIROBI_HERON_NEST_APARTMENTS,1687
NAIROBI CENTRAL,NAIROBI_HUGHES_HOUSE,756
NAIROBI CENTRAL,NAIROBI_JOMO_KENYATTA_AIRPORT,1062
NAIROBI EAST,NAIROBI_KAHAWA,1964
NAIROBI EAST,NAIROBI_KAHAWA_WEST_NEW,1529
NAIROBI EAST,NAIROBI_KAMITI_CORNER,1522
NAIROBI CENTRAL,NAIROBI_KANGEMI_2,1146
NAIROBI WEST,NAIROBI_KAREN,571
NAIROBI WEST,NAIROBI_KAREN_KUWINDA_ROAD,621
NAIROBI EAST,NAIROBI_KAYOLE_JUAKALI_2,2371
NAIROBI WEST,NAIROBI_KIBERA_AYANY,527
NAIROBI WEST,NAIROBI_KIBERA_SILANGA,4492
NAIROBI CENTRAL,NAIROBI_KIKUYU_KANYARIRI,1493
NAIROBI CENTRAL,NAIROBI_KIMATHI_MICRO,58
NAIROBI CENTRAL,NAIROBI_KR_MAKONGENI,1709
NAIROBI CENTRAL,NAIROBI_KTTC_GIGIRI,435
NAIROBI CENTRAL,NAIROBI_KYUNA_ESTATE,1103
NAIROBI CENTRAL,NAIROBI_MBALE_ROAD,5083
NAIROBI CENTRAL,NAIROBI_MFANGANO_NEW,661
NAIROBI WEST,NAIROBI_NEW_CARNIVORE,1646
NAIROBI CENTRAL,NAIROBI_NYAYO_STADIUM,1302
NAIROBI CENTRAL,NAIROBI_PULLMANS_HOTEL,694
NAIROBI CENTRAL,NAIROBI_RUAI_AREA,1085
NAIROBI CENTRAL,NAIROBI_RUAI_POLICE_STATION,2530
NAIROBI CENTRAL,NAIROBI_RUNDA_ESTATE,572
NAIROBI CENTRAL,NAIROBI_RUNDA_WEST,382
NAIROBI WEST,NAIROBI_SOUTH_HILL,322
NAIROBI CENTRAL,NAIROBI_UMOJA,2379
NAIROBI CENTRAL,NAIROBI_UTAWALA_FAGILIA,1646
NAIROBI CENTRAL,NAIROBI_UTAWALA_SHOPPING_CENTER,3311
NAIROBI CENTRAL,NAIROBI_VILLAGE_MARKET_IBS,44
ABERDARE,NAIVASHA,4340
ABERDARE,NAIVASHA_KENYATTA_AVENUE,1811
ABERDARE,NAIVASHA_SOUTH,2068
ABERDARE,NAKURU_BAHATI,2631
ABERDARE,NAKURU_GOLF,868
ABERDARE,NAKURU_RHONDA_EAST,1841
ABERDARE,NAROK_BOMET_ROAD_NEW,813
ABERDARE,NAROK_TKL_HUB_ATC,1234
RIFT,NDONYONGARIA,1727
RIFT,NDULELE_FARM,1105
NAIROBI EAST,NGOINGWA_KISIWA,208
NAIROBI WEST,NGONG,4569
EASTERN,NGUNGI,1768
EASTERN,NGUUTANI,2074
MERU,NKUBU,2199
WESTERN,NYAGACHO,2213
WESTERN,NYAMIRA_SIAMANI,2387
MERU,NYERI_SIKUTA,3452
ABERDARE,OLASISITI,443
ABERDARE,OLOOLAIMUTIA,929
WESTERN,OPAPO,3082
ABERDARE,PASENGA,2460
ABERDARE,POROR_ARAMA,1160
NAIROBI WEST,RIMPA_ROAD_ATC,1799
NAIROBI WEST,RIRONI_ATC,1562
COAST,ROKA,3682
NAIROBI EAST,RUIRU_KARURA,231
NAIROBI EAST,RUIRU_KIMBO,4143
NAIROBI WEST,RUKUMA_KIRENGA,2646
EASTERN,SALAMA,3662
BUNGOMA,SANGALO,2182
EASTERN,SANKURI,462
COAST,SERENI,306
BUNGOMA,SHITSITSWI,3085
BUNGOMA,SIKUSI,2936
MERU,SIRIMON,1582
WESTERN,SITIAN,1126
WESTERN,SOGOO_PRIMARY,799
ABERDARE,SUSWA_ATC,1823
EASTERN,Sabuli,208
WESTERN,TAMU,1203
NAIROBI EAST,THIKA_KIGANJO_MARKET,7007
NAIROBI EAST,THIKA_MAKONGENI_MOSQUE,3709
ABERDARE,TIMBOROA_2,2625
MERU,ABERDARES_COUNTRY_CLUB,66
BUNGOMA,AMAIRO,1087
NAIROBI WEST,ATHI_RIVER_NGEI,5854
WESTERN,AWENDO,2270
ABERDARE,BAGARIA_ATC,2936
ABERDARE,BARNABAS,3240
NAIROBI EAST,BARUA_ESTATE,1195
COAST,BASE_TITANIUM,502
BUNGOMA,BULIMBO,2232
BUNGOMA,BUNGOMA_TOWN,6770
EASTERN,BURA_EAST_ATC,788
ABERDARE,BY_KWEN,746
WESTERN,CHEBIRBELEK_ATC,1082
WESTERN,CHEPKEMEL,1137
WESTERN,CHEPSEON,1945
RIFT,CHESAMISI,2019
NAIROBI EAST,CIUMBU,2429
EASTERN,DAADAB,431
COAST,DIANI_CENTRE,787
MERU,DIDA_GALGALO,283
EASTERN,Dadajabulla,123
EASTERN,EKALAKALA,4188
RIFT,ELDORET_AIRPORT,679
RIFT,ELDORET_NORTH_WEST,2492
MERU,EMBU_BLUE_VALLEY,3360
MERU,EMBU_KIMATHI,3695
WESTERN,ENCHORO_ATC,2763
NAIROBI WEST,ENKORIKA,2293
ABERDARE,ESAGERI_TOWN_CENTER,961
WESTERN,ESANI,2005
MERU,GAKAWA_KIRIRISHWA,1519
WESTERN,GAMBA,2230
BUNGOMA,GANGA_RUMBIYE,3315
COAST,GANZE,1990
NAIROBI EAST,GATANGA,3244
NAIROBI EAST,GATARA,3124
NAIROBI CENTRAL,GATHANGA_ORANGE,1362
MERU,GATHUMBI,2580
MERU,GATITU,1862
NAIROBI EAST,GITHUNGURI,7655
COAST,GONGONI,4696
WESTERN,GOT_OPIJA,2196
WESTERN,HOMA_BAY_UXD,2037
EASTERN,IANI_MARKET,1626
NAIROBI WEST,ILBISIL_CENTRE,2726
NAIROBI WEST,ILMASIN,1937
BUNGOMA,ISHIRU,2269
MERU,ISIOLO_CHECHELES,3275
BUNGOMA,IVONDA,1872
WESTERN,JAMES_FINLAY,1758
NAIROBI CENTRAL,JOSKA_CENTRE,3035
ABERDARE,KABARTONJO,2245
EASTERN,KABATI_ATC,1441
RIFT,KAIROR,68
BUNGOMA,KAKAMEGA_MASINDE,1037
EASTERN,KALAWA,1016
EASTERN,KALAWA_ATC,1150
NAIROBI CENTRAL,KAMULU,2456
MERU,KANGETA,6798
RIFT,KAPSERET,1739
RIFT,KAPSITWET,1456
RIFT,KAPSOYA_ESTATE,5475
RIFT,KAPTAMA_ATC,1642
NAIROBI EAST,KARIBARIBI,1081
NAIROBI EAST,KARIOBANGI_NORTH,165
MERU,KARUMANDI,1589
NAIROBI WEST,KATANI,2944
WESTERN,KATITO,3553
RIFT,KEBULONIK,1176
WESTERN,KEDOWA,1871
NAIROBI EAST,KENOL_MURANGA,3140
WESTERN,KERICHO_HOSPITAL,158
WESTERN,KERICHO_KAPSUSER,2143
WESTERN,KERICHO_TOWN_IMPROVEMENT,2159
MERU,KERUGOYA_KONGO_ESTATE,3238
BUNGOMA,KHWISERO_MARKET,3081
NAIROBI EAST,KIAMBU_LAW_COURTS,1637
WESTERN,KIAMOKAMA,2918
WESTERN,KILGORIS_SHARTUKA,2972
COAST,KILIFI_MDZONGOLONI,3412
RIFT,KIMININI_NDALU,2994
EASTERN,KIMUTWA,1991
NAIROBI WEST,KINALE,401
COAST,KINANGO,2320
ABERDARE,KINUNGI,1504
NAIROBI EAST,KINYONA,1474
RIFT,KIPSAINA,3262
RIFT,KIPSAINA_NEW,2191
RIFT,KIPTOROR,2326
WESTERN,KISUMU_CHIGA,1513
WESTERN,KISUMU_DAY,1373
WESTERN,KISUMU_SAURIMOYO,1242
WESTERN,KISUMU_SWAN,918
RIFT,KITALE_STADIUM,4391
RIFT,KOGO_PLAZA,1603
COAST,KOMBOLOKENI,516
ABERDARE,KONO,1312
BUNGOMA,KOTIENO,1093
MERU,KUNATI_HILL,2713
EASTERN,KWA_MWAURA,1683
EASTERN,KYANGWITHYA,1408
EASTERN,LITA,1192
RIFT,LOKICHOGIO,521
ABERDARE,LONGEWAN,1106
BUNGOMA,LUGULU_MARACHI,1271
BUNGOMA,MACHAKHA,1715
EASTERN,MACHAKOS_MARKET,3330
EASTERN,MACHAKOS_MUTITUNI_ATC,1368
COAST,VIPINGO_RIDGE,2695
COAST,VITENGENI,502
NAIROBI CENTRAL,WANGIGE_KIBICHIKO,1138
NAIROBI WEST,WANGIGI_AREA,991
NAIROBI CENTRAL,WANGUTHU_BANANA,595
BUNGOMA,WEBUYE_GSM_HUB,2540
BUNGOMA,WEBUYE_MATISI,2256
RIFT,ZIWA_SIRIKWA,2886
MERU,ATHIRU,6731
NAIROBI WEST,ATHI_RIVER_SILOTA,2826
BUNGOMA,BONDO_TECHNICAL_TRAINING_INSTITUTE,1244
BUNGOMA,BONDO_TOWN,1667
BUNGOMA,BONDO_TTC,5386
MERU,BUBISA,547
BUNGOMA,BUNGOMA_BLUELINE,2606
RIFT,BURNT_FOREST,1575
BUNGOMA,BUTALI,4250
BUNGOMA,BUTONGE,1488
BUNGOMA,BUTULA,3235
BUNGOMA,BWANGA,1508
BUNGOMA,CHEBUKWA,2747
BUNGOMA,CHEKALINI,1940
RIFT,CHEPTANTAN_KOSTOI,1526
MERU,CHERA,5955
MERU,CHOGORIA,4991
COAST,DIANI_NORTH,620
RIFT,ELDORET_HILL,1498
RIFT,ELDORET_KIPKOROGOT,3114
RIFT,ELDORET_NORTHWEST_NEW,4678
RIFT,ELDORET_TEXTILE_INDUSTRY,1712
MERU,EMBU_NGUVIU,1688
WESTERN,EMENWA,4302
ABERDARE,EWASO_NGIRO,847
NAIROBI EAST,GACHORORO,3117
MERU,GARBATULLA,852
MERU,GATUNDURI_ATC,1815
COAST,GEDE_JUNCTION,1727
COAST,GHAZI,238
NAIROBI EAST,GIKONO,2590
WESTERN,GOD_JOPE,3483
EASTERN,GOREALE_ATC,46
EASTERN,IKANGA_ATC,1281
MERU,IKUU,2671
WESTERN,ISEBANIA,3706
NAIROBI WEST,ISINYA,5677
COAST,JARIBUNI,1719
NAIROBI EAST,JKUAT_KIONGO_HOSTEL_NEW,2164
NAIROBI EAST,JUJA_MENJA,3191
EASTERN,KABAA,1402
WESTERN,KABOSON,2379
BUNGOMA,KABULA_MARKET,2739
WESTERN,KAGURIA_HILL,4365
RIFT,KAINUK,400
NAIROBI WEST,KAJIADO_TOWN_SC_1,8
BUNGOMA,KAKAMEGA_KENFICO_ESTATE,4885
COAST,KALELA_PRIMARY_VOI,3146
MERU,KANUNGA,2593
RIFT,KAPENGURIA_MAKUTANO,5818
RIFT,KAPKOI_ATC,1041
RIFT,KAPKORIOT,3251
RIFT,KAPSARA_MAKUTANO,709
RIFT,KAPTOLOMWO,1666
RIFT,KAPTUMO,3775
MERU,KATHANGACINI,664
WESTERN,KEBENETI,1927
ABERDARE,KEDONG_RANCH,518
WESTERN,KEROKA_TOWN,5192
NAIROBI EAST,KIAMBU_KAMITI,1497
NAIROBI EAST,KIANGOCHI,1140
MERU,KIANGONDU_CHUKA,1838
NAIROBI CENTRAL,KIANJOGU,813
BUNGOMA,KIBABII_UNIVERSITY,2192
COAST,KIKAMBALA,2412
BUNGOMA,KIMATUNI,2919
EASTERN,KINYUNYINI,2034
ABERDARE,KIPIPIRI,1922
RIFT,KIPKAREN_SALIENT,2424
NAIROBI WEST,KISERIAN_TOWN,4270
WESTERN,KISUMU_INDUSTRIAL_SAFARICOM,2951
WESTERN,KISUMU_KIBOSWA,2107
WESTERN,KISUMU_KOLWA,2372
WESTERN,KISUMU_MANYATTA_KOYANGO,4045
WESTERN,KISUMU_NYAWITA,1379
RIFT,KITALE_LESSOS,3457
RIFT,KITALE_MILIMANI,1971
NAIROBI WEST,KITENGELA_PRISONS,4910
COAST,KITIVO,1519
RIFT,KONGONI_2,2504
EASTERN,KONZA,958
MERU,KUTUS_MARKET,3164
NAIROBI WEST,Kawangware_Nyakinyua_Road,46
EASTERN,LASET,3173
RIFT,LESSOS,3100
BUNGOMA,LIHANDA_WEST_GEM,2399
RIFT,LOKITAUNG_NAKALALE,257
WESTERN,LONDIANI_FOREST,3314
RIFT,LORGHUM,160
BUNGOMA,LUGARI,1682
EASTERN,MACHAKOS_MUTITUNI,1760
EASTERN,MADOGASHE,323
NAIROBI WEST,MAILI_TISA,1345
ABERDARE,MAI_MAHIU,1190
ABERDARE,MAJI_MOTO,601
COAST,MALINDI_BAMBINI,3127
RIFT,MARABA_HILL,2752
ABERDARE,MARMANET_OL_JABET,3773
BUNGOMA,MATAWA,1802
RIFT,MATISI,6709
RIFT,MATUNDA_BINYENYA,1098
EASTERN,MAVINDINI,2710
EASTERN,MBUMBUNI,2409
MERU,MERU_MAKUTANO,4131
NAIROBI WEST,MILIMANI_VALLEY_COURT,1530
WESTERN,MIRIU_NYAKWERE,2227
WESTERN,MIWANI,553
COAST,MOMBASA_CHANGAMWE,2727
COAST,MOMBASA_SABASABA,3307
COAST,MOMBASA_VOYAGER,1337
EASTERN,MTITO_ANDEI_EXCH,959
COAST,MTWAPA_MZAMBURUANI,2560
ABERDARE,MUCHORWI,1510
WESTERN,MUHORONI,2830
BUNGOMA,MUKHONJE,3232
BUNGOMA,MUNDERE,4221
NAIROBI EAST,MURERA_2,2521
NAIROBI EAST,MURERA_FARM,2131
EASTERN,MUSAVANI,1196
EASTERN,MUTHWANI,1046
COAST,MWIJO,570
EASTERN,MWINGI_PCEA,1975
NAIROBI CENTRAL,NAIROBI_AIRPORT_NORTH_ROAD,3885
NAIROBI WEST,NAIROBI_CHAKA_HOUSE_MICRO,7
NAIROBI WEST,NAIROBI_CRYSTAL_SPRING_APARTMENTS,1169
NAIROBI EAST,NAIROBI_DANDORA_PHASE_1,2872
NAIROBI CENTRAL,NAIROBI_FAITH_HOMES_ACADEMY,3845
NAIROBI CENTRAL,NAIROBI_GENERAL_MATHENGE,1409
NAIROBI CENTRAL,NAIROBI_HIGHRIDGE,1525
NAIROBI CENTRAL,NAIROBI_INNERCORE,3589
NAIROBI WEST,NAIROBI_JABAVU_ROAD,993
NAIROBI WEST,NAIROBI_JAMUHURI_ESTATE,1262
NAIROBI EAST,NAIROBI_KAHAWA_WEST_1,2827
NAIROBI WEST,NAIROBI_KAREN_BSC,896
NAIROBI WEST,NAIROBI_KAREN_HOSPITAL,223
NAIROBI CENTRAL,NAIROBI_KARIAKOR,2951
NAIROBI CENTRAL,NAIROBI_KEEKOROK_ROAD,861
NAIROBI WEST,NAIROBI_KENYATTA_HOSPITAL,1083
NAIROBI WEST,NAIROBI_KIBERA_CATHOLIC_ATC,4563
NAIROBI WEST,NAIROBI_KIBERA_KAMPI_MURU,3648
NAIROBI WEST,NAIROBI_LAND_ROVER,634
NAIROBI CENTRAL,NAIROBI_LORESHO_KIBARAGE,513
NAIROBI CENTRAL,NAIROBI_LUTHULI_HOUSE,1803
NAIROBI CENTRAL,NAIROBI_MAB_EASTLEIGH,6318
NAIROBI WEST,NAIROBI_MADARAKA_SHOPPING_CENTRE,1145
NAIROBI WEST,NAIROBI_MAGETA_ROAD,636
NAIROBI WEST,NAIROBI_MOI_GIRLS_KIBERA,3921
NAIROBI CENTRAL,NAIROBI_MPAKA_ROAD,1123
NAIROBI WEST,NAIROBI_MUGOYA_ESTATE,1371
NAIROBI CENTRAL,NAIROBI_MUTHURWA,2686
NAIROBI EAST,NAIROBI_MWIKI_MAJI_MAZURI,2973
NAIROBI CENTRAL,NAIROBI_NCC_KOMAROCK,3319
NAIROBI EAST,NAIROBI_NEW_MATHARE_ERRU,2399
NAIROBI CENTRAL,NAIROBI_NGARA_REPEATER,2006
NAIROBI CENTRAL,NAIROBI_PANGANI_PARK_ROAD,1280
NAIROBI CENTRAL,NAIROBI_PURSHOTTAM_PLACE_IBS,252
NAIROBI CENTRAL,NAIROBI_ROSSLYN,609
NAIROBI CENTRAL,NAIROBI_SAVANNA,2782
NAIROBI CENTRAL,NAIROBI_SCHOOL,676
NAIROBI CENTRAL,NAIROBI_TELAVIV,2461
NAIROBI WEST,NAIROBI_THOMSONS,888
NAIROBI CENTRAL,NAIROBI_TIMES_TOWER_IBS,226
NAIROBI CENTRAL,NAIROBI_TRIBE_HOTEL_MICRO,181
NAIROBI CENTRAL,NAIROBI_UKULIMA_HOUSE,274
NAIROBI CENTRAL,NAIROBI_UNEP,410
NAIROBI CENTRAL,NAIROBI_UTHIRU_AREA,2552
NAIROBI CENTRAL,NAIROBI_UTHIRU_MUTHUA,2499
NAIROBI CENTRAL,NAIROBI_WABERA,560
NAIROBI WEST,NAIROBI_WILSON_AIRPORT,1087
NAIROBI EAST,NAIROBI_ZIMMERMAN_BASE_ROYSAMBU,388
ABERDARE,NAKURU_BAHATI_ROAD,2471
ABERDARE,NAKURU_GIKOMBA,1931
ABERDARE,NAKURU_KOINANGE,1911
ABERDARE,NAKURU_MUNICIPAL_MARKET,2447
ABERDARE,NAKURU_RONGAI_ATC,2343
RIFT,NANDI_HILLS,4683
WESTERN,NDEGE_ORIEDO,1897
ABERDARE,NGARUA,3494
ABERDARE,NGARUA_KINAMBA,2672
MERU,NGIRI_MARKET,497
EASTERN,NGOLIBA,1338
NAIROBI WEST,NGONG_MATASIA,1554
ABERDARE,NJABINI,3707
BUNGOMA,NYAGOKO,2570
WESTERN,NYANSIONGOR,2162
ABERDARE,OLMEKENYU_ATC,2002
ABERDARE,OLONGONOT_SATELLITE,731
NAIROBI WEST,OSTRICH_FARM,4424
WESTERN,PAP_ONDITI,495
MERU,PCEA_TUMU_TUMU,422
EASTERN,RHAMU,470
MERU,RIANDIRA_RUKANGA,809
ABERDARE,TINET,2100
COAST,TIRIBE,2515
EASTERN,WAMUNYU,1160
NAIROBI EAST,WAVERLY,1494
COAST,WITU,2125
BUNGOMA,YALA_TOWN,2742
ABERDARE,YELOGREEN,782
NAIROBI EAST,ZENA_ROSES,2379
BUNGOMA,MADIANY,895
COAST,MAJAONI_MSIKITINI,2881
BUNGOMA,MAJENGO,3591
EASTERN,MAKULI_FOREST,2897
NAIROBI CENTRAL,MALAA_KAMULU,1485
RIFT,MALAHA_MARKET,3397
COAST,MALINDI_AIRPORT_2,2565
COAST,MALINDI_CHEMBE,1312
MERU,MARIMANTI,2443
EASTERN,MASII,2481
EASTERN,MASUE_HILL,2366
BUNGOMA,MATAYOS,2410
BUNGOMA,MBALE_TOWN,6202
RIFT,MESHAU,1729
EASTERN,MIGWANI,3021
EASTERN,MILAANI,1807
NAIROBI WEST,MLOLONGO_SABAKI,986
COAST,MNARANI,2812
RIFT,MOI_UNIVERSITY,5219
COAST,MOMBASA_KANAMAI_MAJENGO,3207
COAST,MOMBASA_KENGEN_KIPEVU,1484
COAST,MOMBASA_MWEMBE_LEGEZA,3448
COAST,MOMBASA_NYALI_MALL_IBS,78
COAST,MOMBASA_SWAMI,12
COAST,MOMBASA_TUDOR_ATC,4496
COAST,MOMBASA_UTANGU,3025
COAST,MRABENYI,1433
BUNGOMA,MUHANDA,1775
EASTERN,MUI,1649
NAIROBI WEST,MUKEU,2716
MERU,MUNYANGE,1682
NAIROBI EAST,MURIRANJA,1803
MERU,MUTITHI,2712
MERU,MWEIGA_TOWN,614
COAST,MWENDA_POLE,1270
ABERDARE,MWENJE,2797
EASTERN,MWINGI_ATC,1677
NAIROBI CENTRAL,NAIROBI_9_WEST_BUILDING_IBS,1261
NAIROBI WEST,NAIROBI_AMBOSELI_ROAD,7145
NAIROBI CENTRAL,NAIROBI_BENDERA_LANE,311
NAIROBI WEST,NAIROBI_BUNYALA_ROAD,847
NAIROBI EAST,NAIROBI_DANDORA_SAFARICOM,3657
NAIROBI CENTRAL,NAIROBI_GITHUNGURI_RUAI,1064
NAIROBI CENTRAL,NAIROBI_INTERNATIONAL_LIFEHOUSE_IBS,72
NAIROBI WEST,NAIROBI_JONATHAN_NGENO,2128
NAIROBI EAST,NAIROBI_KASARANI_MWIKI,2053
NAIROBI EAST,NAIROBI_KASARANI_SPORTS_VIEW,2357
NAIROBI CENTRAL,NAIROBI_KAYOLE_PHASE_1_NEW,2617
NAIROBI CENTRAL,NAIROBI_KIHARA,1831
NAIROBI WEST,NAIROBI_KIKUYU_ONDIRI,1135
NAIROBI CENTRAL,NAIROBI_LAZIZI_PREMIER_HOTEL_IBS,28
NAIROBI CENTRAL,NAIROBI_LIKONI_ROAD,1232
NAIROBI CENTRAL,NAIROBI_MATER_HOSPITAL_NEW,2289
NAIROBI CENTRAL,NAIROBI_MIHANGO_KIBIKO_ROAD,175
NAIROBI EAST,NAIROBI_MWIKI,5687
COAST,NAIROBI_NAKUMATT_DAGORETTI,1
NAIROBI WEST,NAIROBI_NAKUMATT_JUNCTION_MALL_MICRO,103
NAIROBI WEST,NAIROBI_NEGST_MICRO,76
NAIROBI WEST,NAIROBI_NGUMMO,2220
NAIROBI WEST,NAIROBI_NHIF_BUILDING_IBS,68
NAIROBI CENTRAL,NAIROBI_NORFOLK,786
NAIROBI WEST,NAIROBI_OLYMPIC_PRIMARY_SCHOOL,2532
NAIROBI WEST,NAIROBI_ONGATA_RONGAI_QUARRY,4123
NAIROBI CENTRAL,NAIROBI_PIPELINE_MICRO,3247
NAIROBI CENTRAL,NAIROBI_RAILWAYS_HEADQUARTERS,992
NAIROBI CENTRAL,NAIROBI_RUNDA,892
NAIROBI WEST,NAIROBI_SOUTH_C_CATHOLIC_CHURCH,996
NAIROBI CENTRAL,NAIROBI_TENA,1731
NAIROBI CENTRAL,NAIROBI_UMOJA_INNERCORE,1328
NAIROBI CENTRAL,NAIROBI_UMOJA_PHASE_II,2401
NAIROBI CENTRAL,NAIROBI_UTALII,2549
NAIROBI CENTRAL,NAIROBI_UTAWALA_GITHUNGURI,1574
NAIROBI CENTRAL,NAIROBI_WESTLANDS,1260
NAIROBI WEST,NAIROBI_YAYA,8
NAIROBI EAST,NAIROBI_ZIMMERMAN,4327
ABERDARE,NAIVAS,1670
ABERDARE,NAIVASHA_VIWANDANI,2486
ABERDARE,NAKURU_BARAKA,2676
ABERDARE,NAKURU_GUSII_ROAD,2207
ABERDARE,NAKURU_KIVUMBINI,3251
ABERDARE,NAKURU_MILIMANI,289
ABERDARE,NAKURU_PRISON,2215
NAIROBI WEST,NAKURU_SECTION_58,102
ABERDARE,NANDARASI,1261
ABERDARE,NAROK_TOWN,2536
NAIROBI WEST,NDEIYA,2149
NAIROBI WEST,NDERI,3276
WESTERN,NDHIWA,3640
NAIROBI WEST,NGONG_OLOLUA,691
WESTERN,ONCHUNA_ATC,614
ABERDARE,PORO_LAMARET,1080
MERU,RAGATI_ATC,1719
WESTERN,RATA,2133
NAIROBI WEST,RIMPA_ROAD,1356
RIFT,RIWO_MILIMANI,2545
ABERDARE,RONGAI_SALGAA,1210
NAIROBI EAST,RUIRU,4358
MERU,RUUNGU,1864
NAIROBI EAST,SAGANA_EXCH,2087
RIFT,SANGO_LUKUSI,1329
BUNGOMA,SEGA,2393
RIFT,SEGERO,1692
RIFT,SHAMAKHOKHO,2229
NAIROBI WEST,SHANAMU,1212
COAST,SHIMONI,1106
BUNGOMA,SIAYA_TKL,2833
BUNGOMA,SIGALAME,1254
BUNGOMA,SIRISIA,1071
ABERDARE,STATEHOUSE_NAKURU,713
WESTERN,SUNEKA,3196
ABERDARE,SURURU,1178
EASTERN,TALA_TOWN,3639
WESTERN,TARANGANYA,661
MERU,TELKOM_MOYALE_HILL,703
EASTERN,THATHA,927
NAIROBI EAST,THIKA_RIVERSIDE,2945
COAST,TIWI,2101
BUNGOMA,UGUNJA,3070
ABERDARE,WAFOO_NEW,1890
MERU,WALDA,634
BUNGOMA,WEBUYE_MILO,1409
NAIROBI EAST,RUIRU_KWIHOTA,139
NAIROBI EAST,RUIRU_MURERA_AREA,2458
NAIROBI CENTRAL,RUMINYI_KIAMBU,1331
ABERDARE,RUMURUTI,4509
COAST,SAMBURU,2778
RIFT,SANGO_MAWE_TATU,1677
ABERDARE,SEGUTON,2578
ABERDARE,SEKENANI_GATE_ATC,1324
BUNGOMA,SIO_PORT,3123
ABERDARE,SIRON,2184
RIFT,SITATUNGA,2112
ABERDARE,SOUTH_KINANGOP,1862
COAST,TARU,1544
WESTERN,TEBESONIK,1893
ABERDARE,THATHAITE,1376
NAIROBI EAST,THIKA_LANDLESS,2448
ABERDARE,TIMBOROA_ATC,1691
WESTERN,TOMBE,3133
EASTERN,TULA,810
ABERDARE,TUMAINI,2216
ABERDARE,TURASHA,1294
BUNGOMA,USIGU_ATC,1487
EASTERN,WAITA,2068
EASTERN,WENJE,291
EASTERN,WILSON_KILIMA_KIU,832
EASTERN,WOTE_KMTC,5504
COAST,WUNDANYI_MGHAMBONYI,1553
EASTERN,YATHUI_ATC,1462
BUNGOMA,AMAGORO,3958
RIFT,AROR,907
WESTERN,BOMET_TOWN,4117
EASTERN,BURA,2628
BUNGOMA,CHEPYUK,1583
BUNGOMA,CHIMOI,4517
BUNGOMA,CHWELE,3934
COAST,DIANI_REEF,429
ABERDARE,DUNDORI,1848
BUNGOMA,EBUSIRATSI,4009
RIFT,ELDORET_ANNEX,2182
RIFT,ELDORET_EAST,1513
RIFT,ELDORET_KFS,2127
RIFT,ELDORET_LANGAS_NEW,6950
RIFT,ELDORET_OUTSPAN,1612
RIFT,ELDORET_WEST_INDIES,2225
EASTERN,EMALI_MAKUTANO,1019
EASTERN,EMALI_TOWN,5066
ABERDARE,ENASHIPAE_HOTEL,4791
ABERDARE,ENENGETIA,3429
NAIROBI WEST,EWASO_KEDONG,1289
EASTERN,GARISSA_NAJAH,2532
MERU,GATEGI,1579
NAIROBI EAST,GATONGORA,2850
NAIROBI EAST,GATUNDU_KIGANJO,2519
NAIROBI EAST,GIKOE,1871
WESTERN,GIRIMORI,882
NAIROBI EAST,GITHUMU,2645
BUNGOMA,GOMBE,1198
WESTERN,GOT_OKII,3001
WESTERN,GOT_RABUOR,2342
COAST,GULANZE,357
MERU,HURR_HILL,890
WESTERN,IGORERA,5271
EASTERN,IKUTHA,1710
BUNGOMA,ISIKHI,1943
MERU,ISIOLO_KIWANJANI_2,1091
RIFT,ITIGO,734
NAIROBI EAST,JUJA_MUCATHA,2577
MERU,KAAGA_MPAKONI,934
ABERDARE,KABARNET_TOWN,4501
ABERDARE,KABARNET_TOWN_NEW,3789
NAIROBI EAST,KABATI_KENOL,3382
RIFT,KACHAWA,753
NAIROBI EAST,KAHAWA_WENDANI,4713
WESTERN,KAKOTH,1602
RIFT,KAKUMA_2_REFUGEE_CAMP,10430
MERU,KALALU,1884
EASTERN,KALUKUNI,2384
NAIROBI EAST,KAMAE,4418
ABERDARE,KANAMBA,1015
NAIROBI EAST,KANDARA,4149
BUNGOMA,KANDENGE,352
ABERDARE,KAPLAMAI_NUKIAT,2128
MERU,KARATINA_UNIVERSITY,2575
MERU,KAREMA_MAILI_TATU,8848
WESTERN,KAWERE,1384
NAIROBI EAST,KENOL,2557
NAIROBI EAST,KIAMBU_KASARINI_NEW,524
NAIROBI EAST,KIAMBU_TOWN,3469
EASTERN,KIANGINI_ATC,1113
MERU,KIATHANDI_HILL,3032
COAST,KIBAONI,2877
COAST,KIKAMBALA_NEW,1796
MERU,KIMAHURI,2286
MERU,KINGONGO,2450
WESTERN,KIOMONYO,4218
NAIROBI EAST,KIRATINA,1272
NAIROBI EAST,KIRIAINI_ATC,2591
WESTERN,KISII_GESONSO,2507
WESTERN,KISII_HILL,5156
WESTERN,KISII_TOWN,3392
WESTERN,KISUMU_NYAMASARIA_2,3561
WESTERN,KISUMU_TIDO,2549
WESTERN,KISUMU_TOM_MBOYA_COLLEGE,1462
EASTERN,KYELENI,782
ABERDARE,LAIKIPIA_CAMPUS,2543
EASTERN,LIBOI,117
MERU,LOISOI,1536
MERU,LOIYANGALANI,656
ABERDARE,LONDON_ESTATE,2673
ABERDARE,LONGONOT,1641
NAIROBI WEST,LUKUNY,1120
BUNGOMA,LWAKHAKHA,3534
BUNGOMA,MABANGA,2191
EASTERN,MACHAKOS_EASTLEIGH,1250
EASTERN,MACHAKOS_MANZA,1227
EASTERN,MACHAKOS_ST._VALENTINE,2573
NAIROBI WEST,MAGADI_TOWN,594
MERU,MAGUTUNI,3318
WESTERN,MAKIMENY,1229
EASTERN,MAKINDU,4735
EASTERN,MAKUENI_MBUI_NZAU,4690
RIFT,MAKUNGA_FOREST,1478
WESTERN,MAKUTANO_KAMARA,1122
NAIROBI EAST,MAKUYU_TOWN,1600
COAST,MALINDI_CASAURINA,409
COAST,MALINDI_EXCHANGE,2639
COAST,MALINDI_KISUMU_NDOGO,2408
EASTERN,MALOOI_HILLS,5505
COAST,MARERENI,2562
MERU,MARSABIT_HILL,1345
RIFT,MATHARU,716
EASTERN,MATUU,4980
EASTERN,MATUU_MA_MWIITU,1573
COAST,MAZERAS,7391
MERU,MERU_KIRIENE,774
WESTERN,MIGOSI,5051
MERU,NKANGA,764
NAIROBI WEST,NKOROI,1923
EASTERN,NTHONGONI_ATC,1118
RIFT,NUKIAT_BARATON,2735
ABERDARE,NYAHURURU_KIGUMO,2126
ABERDARE,NYAHURURU_RUNDA,1781
WESTERN,NYAWANGA,1909
MERU,NYERI_HILL,4258
COAST,NZOVUNI,997
COAST,OLD_MOMBASA_TOWN,879
ABERDARE,OLENGAPE,2592
WESTERN,OMBEYI,1511
WESTERN,OMWARI,2818
MERU,OTHAYA,3926
ABERDARE,PEMWAI,749
ABERDARE,RIGOGO_CHONJO,2684
NAIROBI WEST,RONGAI_OLEKASASI,1246
WESTERN,RONGO,9153
MERU,RUBIRI,3341
WESTERN,RUGA,1746
NAIROBI EAST,RUIRU_DESTINY,2172
NAIROBI EAST,RUIRU_FORT_JESUS,6336
MERU,RUNYENJES,3030
EASTERN,SIMBA_CEMENT,1288
COAST,TAKAUNGU_ATC,1741
RIFT,TAPSAGOI_CHEPLASKEI,2035
NAIROBI EAST,THIKA_STADIUM,1532
NAIROBI EAST,THIKA_UTI_JUNCTION,1932
NAIROBI WEST,THOGOTO_GIKAMBURA,2911
MERU,THUURA,3266
RIFT,TINDINYA,5118
NAIROBI EAST,TINGANGA,2619
COAST,TSANGATSINI,2029
ABERDARE,TUGUMOI,885
EASTERN,TULILA,1001
BUNGOMA,UKWALA,4004
BUNGOMA,UNYOLO,2087
EASTERN,VOTA,1173
COAST,VURIA_HILL,2951
MERU,WATUKA,4293
EASTERN,MISUUNI_ATC,1072
COAST,MKUNAZINI,5983
RIFT,MOIBEN,730
COAST,MOMBASA_AIRPORT_TURNOFF,941
COAST,MOMBASA_CITY_MALL,1630
COAST,MOMBASA_KIDUNGUNI_MT_SINAI,3904
COAST,MOMBASA_LUMUMBA,1500
COAST,MOMBASA_MTWAPA_MAWENI,2298
COAST,MOMBASA_MTWAPA_MTOMONDONI,5252
COAST,MOMBASA_NASSER,984
COAST,MOMBASA_NYALI_LINKS,1146
COAST,MOMBASA_OLD_TOWN,2143
MERU,MOYALE_AL_YUSRA,945
MERU,MUFU,2079
NAIROBI EAST,MUGEKA,1311
NAIROBI EAST,MUGOIRI,1796
NAIROBI WEST,MUGUGA_KERWA,882
WESTERN,MUHURU_BAY,745
BUNGOMA,MUMIAS_SUGAR,1378
BUNGOMA,MUNDIKA,2048
BUNGOMA,MUSOLI,2083
WESTERN,MUTARAKWA_HILL,1857
EASTERN,MUTITO,1196
EASTERN,MUTWANGOMBE,1767
COAST,MWATONGO_HILL,1382
MERU,MWEIGA,1162
MERU,MWIMBI,2012
NAIROBI WEST,NAIROBI_ADAMS_ARCADE_PARKING_LOT,252
NAIROBI CENTRAL,NAIROBI_BAPTIST_PEPONI_CLOSE,443
NAIROBI WEST,NAIROBI_BOGANI,410
NAIROBI CENTRAL,NAIROBI_BURUBURU,575
NAIROBI CENTRAL,NAIROBI_BURUBURU_FARM_NJIRU,5777
NAIROBI WEST,NAIROBI_BUSINESS_PARK,5
NAIROBI WEST,NAIROBI_CHIROMO_CAMPUS,565
NAIROBI CENTRAL,NAIROBI_CORNER_PLAZA,21
NAIROBI EAST,NAIROBI_DANDORA_PHASE_V,2006
NAIROBI WEST,NAIROBI_DENNIS_PRITT_ROAD,533
NAIROBI CENTRAL,NAIROBI_EASTLEIGH_1ST_STREET,3281
NAIROBI CENTRAL,NAIROBI_ELECTRICITY_HOUSE_MICRO,116
NAIROBI CENTRAL,NAIROBI_EMBASSY_HOUSE,1603
NAIROBI CENTRAL,NAIROBI_EXPRESS_NEW,3205
NAIROBI EAST,NAIROBI_GARDEN_NEW,718
NAIROBI CENTRAL,NAIROBI_HARAMBEE_MICRO,25
NAIROBI WEST,NAIROBI_HIFADHI_HOUSE_ICDL,1496
NAIROBI CENTRAL,NAIROBI_HILTON_HOTEL_MICRO,31
NAIROBI CENTRAL,NAIROBI_INDUSTRIAL_AREA_RT_BUILDING,1148
NAIROBI WEST,NAIROBI_JACARANDA_MENTAL,373
NAIROBI WEST,NAIROBI_KAPA,2526
NAIROBI WEST,NAIROBI_KAREN_HOMESTEADS,487
NAIROBI WEST,NAIROBI_KAWANGWARE_BETHEL,5465
NAIROBI EAST,NAIROBI_KAYOLE_SAIKA,5406
NAIROBI WEST,NAIROBI_KMA_PLAZA,851
NAIROBI WEST,NAIROBI_LAVINGTON,545
NAIROBI EAST,NAIROBI_LUCKY_SUMMER,2950
NAIROBI CENTRAL,NAIROBI_MAASAI_FEDHA_ESTATE,2840
NAIROBI WEST,NAIROBI_MASAI_VILLAGE,754
NAIROBI CENTRAL,NAIROBI_MATHARE,5930
NAIROBI CENTRAL,NAIROBI_MUSEUM_HILL,1402
NAIROBI WEST,NAIROBI_NDEGE_ROAD,621
NAIROBI CENTRAL,NAIROBI_NGALA,1303
NAIROBI CENTRAL,NAIROBI_NGARA,2138
NAIROBI CENTRAL,NAIROBI_NJIRU,3390
NAIROBI WEST,NAIROBI_NSSF_MICRO,82
NAIROBI CENTRAL,NAIROBI_ORIENTAL_MILLERS,2113
NAIROBI CENTRAL,NAIROBI_PUMWANI_ESTATE,3582
NAIROBI WEST,NAIROBI_RHAPTA_RD,917
NAIROBI WEST,NAIROBI_RIDGEVIEW,1345
NAIROBI WEST,NAIROBI_RONGAI_LAISER_ACADEMY,2652
NAIROBI CENTRAL,NAIROBI_RUNDA_IMPROVEMENT,239
NAIROBI CENTRAL,NAIROBI_SARIT_CENTRE_MICRO,133
NAIROBI CENTRAL,NAIROBI_SIXTH_PARKLANDS,829
NAIROBI WEST,NAIROBI_SOUTH_C_SAFARICOM,1415
NAIROBI WEST,NAIROBI_THE_ATRIUM_IBS,6
NAIROBI CENTRAL,NAIROBI_UMOJA2_B_CENTER,2686
NAIROBI CENTRAL,NAIROBI_UMOJA_IMPROVEMENT_2,2471
NAIROBI WEST,NAIROBI_UPPERHILL,1260
NAIROBI WEST,NAIROBI_URBAN_RING_RD_WESTLANDS,1392
NAIROBI WEST,NAIROBI_WAITHAKA_TECHNICAL_TRAINING,1712
NAIROBI EAST,NAIROBI_ZIMMERMAN_BASE,3783
ABERDARE,NAKURU_NAGARIA,2662
ABERDARE,NAKURU_PIPELINE,2626
ABERDARE,NAKURU_RESMA,574
ABERDARE,MLANGO_MMOJA_MARKET,1601
RIFT,MNAGEI,4636
ABERDARE,MOLO,1339
COAST,MOMBASA_BOMBOLULU,2771
COAST,MOMBASA_DIGO,1693
COAST,MOMBASA_INDUSTRIAL_AREA,1358
COAST,MOMBASA_KILINDINI_NEW,1412
COAST,MOMBASA_KIZINGO,1048
COAST,MOMBASA_MAJENGO,1954
COAST,MOMBASA_MAKADARA_NEW,1953
COAST,MOMBASA_MBARAKI_SPORTS_CLUB,1437
COAST,MOMBASA_MIRITINI,5237
COAST,MOMBASA_NYALI_NORTH,2241
COAST,MOMBASA_PIRATES_BEACH,324
WESTERN,MOMBASA_SWAMI,1860
ABERDARE,MORIJO_CATHOLIC_CHURCH,219
ABERDARE,MPATA_CLUB,917
RIFT,MUKUYU,1980
NAIROBI WEST,MULTIMEDIA_UNIVERSITY,476
NAIROBI EAST,MURURIA,1731
RIFT,MUSORIOT,2387
ABERDARE,MUTARA,2315
NAIROBI CENTRAL,MUTHAIGA_COUNTRY_CLUB,4156
MERU,MUTHINGA,3228
NAIROBI CENTRAL,NAIROBI_AGA_KHAN_PREMISES,1149
NAIROBI CENTRAL,NAIROBI_AIRPORT_GSU,2078
NAIROBI WEST,NAIROBI_BOBMIL,1242
NAIROBI CENTRAL,NAIROBI_BOROLLE,1502
NAIROBI WEST,NAIROBI_COMMUNITY,582
NAIROBI EAST,NAIROBI_DAM_2,1
NAIROBI WEST,NAIROBI_DAPHTON_COURT,683
NAIROBI WEST,NAIROBI_EKA_HOTEL,14
NAIROBI CENTRAL,NAIROBI_EMBAKASI_IMPROVEMENT,1645
NAIROBI EAST,NAIROBI_GITHURAI_KIMBO_SAFARICOM,3419
NAIROBI CENTRAL,NAIROBI_GOLDEN_GATE_CLOSE,1938
NAIROBI CENTRAL,NAIROBI_GREENSPAN_IBS,75
NAIROBI CENTRAL,NAIROBI_INTERCONTINENTAL,447
NAIROBI CENTRAL,NAIROBI_ISK_KITISURU,533
NAIROBI CENTRAL,NAIROBI_KANGEMI_ROAD,6640
NAIROBI WEST,NAIROBI_KAREN_FOREST_VIEW,568
NAIROBI WEST,NAIROBI_KAREN_HOSPITAL_MICRO,3
NAIROBI EAST,NAIROBI_KARIOBANGI_NORTH,5067
NAIROBI CENTRAL,NAIROBI_KAYOLE,4539
NAIROBI WEST,NAIROBI_KIBERA_LINDI_MOSQUE,2997
NAIROBI CENTRAL,NAIROBI_KICC_MACRO,509
NAIROBI CENTRAL,NAIROBI_KIJABE_STREET,598
NAIROBI WEST,NAIROBI_KIKUYU_ROAD,5872
NAIROBI WEST,NAIROBI_KINGS_WAY,338
NAIROBI CENTRAL,NAIROBI_KOMAROCK_IMPROVEMENT,2961
NAIROBI WEST,NAIROBI_LANGATA_OLD_UCHUMI,983
NAIROBI CENTRAL,NAIROBI_LOITA,365
NAIROBI CENTRAL,NAIROBI_LONRHO_HOUSE_MICRO,30
NAIROBI WEST,NAIROBI_MUKOMA_ROAD,161
NAIROBI CENTRAL,NAIROBI_MUKURU_TKL,4359
NAIROBI WEST,NAIROBI_MUTUINI,2164
NAIROBI EAST,NAIROBI_MWIKI_ABERDARES,3291
NAIROBI CENTRAL,NAIROBI_NANYUKI_ROAD,1762
NAIROBI EAST,NAIROBI_NDARASHA_GATUNDU_JUJA,2358
NAIROBI CENTRAL,NAIROBI_NGARA_ROAD,1202
NAIROBI CENTRAL,NAIROBI_OJIJO_NEW,839
NAIROBI CENTRAL,NAIROBI_OUTERING_ROAD,2160
NAIROBI CENTRAL,NAIROBI_OUTER_RING,1724
NAIROBI CENTRAL,NAIROBI_PUMWANI_NEW,2892
NAIROBI CENTRAL,NAIROBI_RACECOURSE_CBD,1808
NAIROBI CENTRAL,NAIROBI_SHAURIMOYO,5226
NAIROBI CENTRAL,NAIROBI_TASSIA_IMPROVEMENT_2,4002
NAIROBI CENTRAL,NAIROBI_TASSIA_PINES_MAKUTI,5145
NAIROBI CENTRAL,NAIROBI_THEEVAN_ENTERPRISE,9025
NAIROBI CENTRAL,NAIROBI_UMOJA_PHASE_2_PLOT_NO_J185,1220
NAIROBI CENTRAL,NAIROBI_UNON,343
NAIROBI CENTRAL,NAIROBI_UTAWALA_MAISHA_BORA,2716
NAIROBI CENTRAL,NAIROBI_WABERA_MICRO,98
NAIROBI WEST,NAIROBI_WAITHAKA_KIBIRIA,2891
ABERDARE,NAKURU_BANGLADESH_NEW,1172
ABERDARE,NAKURU_ENGOSHURA_JANDU,2964
ABERDARE,NAKURU_MERCY_NJERI,762
ABERDARE,NAKURU_NGATA_ATC,3201
ABERDARE,NAKURU_STIMA_LINE,2689
EASTERN,NANINGI,565
ABERDARE,NAROOSURA,1126
WESTERN,NDANAI,1205
NAIROBI CENTRAL,NDENDERU,1533
NAIROBI EAST,NGAATHO,2939
MERU,NGANDU,2776
NAIROBI WEST,NGONG_HILLS,1551
NAIROBI WEST,NGONG_KIBIKO,2863
COAST,NORMAD_HOTEL,507
BUNGOMA,NYAHARUA,958
NAIROBI EAST,NYAKIANGA,2507
WESTERN,NYAMAIYA,2540
ABERDARE,NYANDUNDO,1552
WESTERN,NYASOKO_HILL,4266
WESTERN,NYAWITA,1150
MERU,NYERI_NORTH,1250
RIFT,OLDOLDOL_KIPSERGECH,2702
NAIROBI WEST,OLOLOITIKOSH_BIRIKA,2094
NAIROBI CENTRAL,ORANGE_KIAMBU_KAWAIDA,1210
BUNGOMA,OSIEKO,1111
COAST,PALAKUMI,1311
BUNGOMA,RANGALA,1539
NAIROBI CENTRAL,RUAKA,2507
MERU,RUIRI,3843
NAIROBI EAST,RUIRU_BIDCO,704
NAIROBI EAST,RUIRU_MOW,2175
ABERDARE,SACHO,2577
RIFT,SEKERR,1326
RIFT,SEREM,2330
EASTERN,SHIMBIRI,65
COAST,SHIMONI_EXCHANGE_ATC,908
BUNGOMA,SIDUNDO,2414
WESTERN,SIGOTI,2936
WESTERN,SIGOWET,2639
WESTERN,SIONGIROI,3027
ABERDARE,SUBUKIA_MORO,2812
WESTERN,TABAKA_TOWN,3679
NAIROBI WEST,TATA_KAJIADO,1607
WESTERN,TEMBWO,1405
NAIROBI EAST,THIKA_INDUSTRIAL_AREA,2113
COAST,TIWI_JUNCTION,2808
BUNGOMA,UHENDO,1698
MERU,UMANDE,1991
WESTERN,URIRI,2393
COAST,VANGA_TOWN,1427
COAST,VOI_PRISON,3541
NAIROBI EAST,WITEITHIE_CENTER,4376
MERU,Wamba_Samburu,333
BUNGOMA,NAMASOLI,1412
NAIROBI CENTRAL,NAZARETH,1274
ABERDARE,NDINDIKA,2630
COAST,NGOMENI,845
ABERDARE,NGUBERETI,487
ABERDARE,NJORO_ROAD,1895
WESTERN,NYABONDO,2865
BUNGOMA,NYAKWAKWA,825
NAIROBI CENTRAL,NYATHUNA,1313
MERU,NYERI_RURINGU,2591
EASTERN,NZEVENI,1091
WESTERN,OBAMBO,160
WESTERN,OBER,871
WESTERN,OGEMBO,3161
WESTERN,OLARE,2444
EASTERN,OLMAKI,1221
ABERDARE,OLOLULUNGA_NEW,477
WESTERN,ONGALO,1183
MERU,OTHAYA_TOWN,2544
MERU,OUTSPAN_HOSPITAL_NYERI,845
WESTERN,OYOMBE,1042
ABERDARE,RARE_NAISHI,2049
ABERDARE,ROTIRI,294
NAIROBI CENTRAL,RUAKA_SAFARICOM,3181
WESTERN,RUMA,2238
BUNGOMA,SABATIA,2733
COAST,SAGALLA,1299
EASTERN,SATAO_ELERAI,1164
BUNGOMA,SHIANDA,4947
COAST,SHIMBA_HILLS,806
NAIROBI WEST,SIGNATURE_MALL,777
RIFT,SIKHENDU,2187
ABERDARE,SOGON,1214
WESTERN,SONDU_TOWN,2607
NAIROBI WEST,SYOKIMAU_SAFARICOM,877
NAIROBI EAST,THIKA_MAKONGENI,7140
NAIROBI WEST,THOGOTO,4009
BUNGOMA,TINGWANGI,1383
EASTERN,UKASI,889
EASTERN,VUI_SHOPPING_CENTRE,1535
EASTERN,WAJIR_TOWN,1642
WESTERN,WAONDO,1442
EASTERN,WOTE_TOWN,3373
COAST,WUNDANYI,3804
EASTERN,ZOMBE,1900
WESTERN,AHERO_OMBAKA,1170
RIFT,ALALE_KALAPATA,3203
BUNGOMA,ANDUNGOSI,4139
WESTERN,AORA_CHUODHO,736
WESTERN,AWASI,3313
WESTERN,AYWEYO,1091
NAIROBI CENTRAL,BNG_APARTMENT_KIHARA,1093
COAST,BOFU,1347
WESTERN,BOITO,1245
WESTERN,CHEBITET_ESTATE,1242
RIFT,CHEPNYAL,3425
RIFT,CHEPTULEL,1595
MERU,CHUKA,4913
MERU,CHUKA_UNIVERSITY,3309
EASTERN,CHUMANI_KIBWEZI,1021
ABERDARE,COKERERIA,1119
COAST,CORNER_YA_MUSA,1943
COAST,DAKACHA,1013
ABERDARE,DUNDORI_PRIMARY,1432
BUNGOMA,EJINJA,3136
RIFT,ELDORET_CHEPTIRET,2475
RIFT,ELDORET_NANDI_ROAD,618
RIFT,ELDORET_POLYTECHNIC_ATC,1631
RIFT,ELDORET_RAYMOND,1171
EASTERN,ELWAK,485
WESTERN,EMURUA_DIKIRR_ATC,1377
WESTERN,ENOSAIN_LANGATA,3658
MERU,GAKURI_ATC,1662
EASTERN,GARISSA_BULLA_MADINA,2490
NAIROBI EAST,GATUKUYU,3085
WESTERN,GIKENDU,2608
NAIROBI EAST,GIKIRO,1354
MERU,GIKUMEENE_NEW,2426
ABERDARE,GWATHUKIA_WERU,1439
EASTERN,HABASWEIN,302
COAST,HARAA,372
WESTERN,HOMABAY_KUMUINDA,1726
EASTERN,IKATINI,1331
RIFT,INABTICH_PRIMARY_SCHOOL,3264
MERU,ISIOLO_KARACHE,3253
BUNGOMA,JERA,2216
RIFT,KABENES,1321
RIFT,KABIYET,5335
ABERDARE,KAHIGA,815
NAIROBI CENTRAL,KAHUHO,1484
NAIROBI CENTRAL,KAHUHO_NEW_ATC,2138
NAIROBI EAST,KAIRU,1144
WESTERN,KAITUI,980
NAIROBI WEST,KAJIADO_TOWN,2877
RIFT,KAKONG,585
BUNGOMA,KAMBIRI,2202
ABERDARE,KAMBI_YA_MOTO_MOROP,3433
WESTERN,KANDIEGE,1847
NAIROBI EAST,KANGEMA,3216
EASTERN,KANGONDI,2207
EASTERN,KANYANGI,1494
RIFT,KAPKOROS,2810
RIFT,KAPLELACH,1240
ABERDARE,KAPSITA,1800
MERU,KARGI,647
ABERDARE,KASUKU,2213
WESTERN,KERICHO_CHAGAIK,1894
ABERDARE,KERISOI,2065
NAIROBI EAST,KIAMUMBI_ESTATE,1427
NAIROBI EAST,KIAMUMBI_NEW,1313
MERU,KIANJIRU_HILLS,6793
NAIROBI EAST,KIBICHOI,3117
ABERDARE,KIJABE,2330
NAIROBI CENTRAL,KINOO_SOUTH,1912
RIFT,KIPCHEKWEN,4175
WESTERN,KIPSITET,2195
WESTERN,KISAKU,1445
EASTERN,KISASI,2988
WESTERN,KISUMU_AL_MIRAN_PLAZA,858
WESTERN,KISUMU_AUJI,3303
WESTERN,KISUMU_PANDPIERI,1762
RIFT,KITALE_KAPTEGA,2482
NAIROBI WEST,KITENGELA_ASHUTOSH,4834
NAIROBI WEST,KITENGELA_NEW_VALLEY,2046
EASTERN,KITHANGAINI,2753
MERU,KITHIRU,4906
EASTERN,KITISE,1593
EASTERN,KIU,1785
BUNGOMA,KOKWIRI,1435
WESTERN,KOMALA,2954
WESTERN,KOMBEWA_HOSPITAL,1749
RIFT,KONDOO,1405
WESTERN,KOSELE,2246
WESTERN,KUSA,1230
COAST,LAMU_TOWN,2056
RIFT,LESERU,3029
RIFT,LOKICHAR,809
WESTERN,LONDIANI,1486
BUNGOMA,LUGULU,2677
WESTERN,LUORO,1571
COAST,MACKINON_ROAD,1473
ABERDARE,MAIELLA,3949
EASTERN,MAKAVETI,1462
EASTERN,MASALANI,1726
COAST,MATANO_MANNE,1423
EASTERN,MATINYANI,1361
COAST,MAUNGU,1200
BUNGOMA,MBALE,1985
MERU,MERU_EAST,4183
WESTERN,MESISITA_KERINA,3222
MERU,METHODIST_UNIVERSITY_MERU,1144
COAST,MIASENYI_ATC,415
NAIROBI WEST,MLOLONGO_SABAKI_ESTATE,2291
COAST,MOMBASA_JOMVU,2599
COAST,MOMBASA_KIPEVU,3737
COAST,MOMBASA_LIKONI_NEW,8745
COAST,MOMBASA_MAKABURINI,4919
COAST,MOMBASA_MTWAPA,3924
COAST,MOMBASA_NYALI_BEACH,346
COAST,MOMBASA_NYALI_GOLF_COURSE,436
COAST,MOMBASA_NYALI_MAWENI,4298
COAST,MOMBASA_NYALI_SOUTH,1250
MERU,MOUNT_KENYA_SAFARI_CLUB,1034
COAST,MTWAPA_TOWN_ATC,2421
BUNGOMA,MUKULUSU_ATC,1053
BUNGOMA,MUNGATSI,2392
BUNGOMA,MURUMBA,3389
COAST,MWANGEA,2919
EASTERN,MYONDONI,939
NAIROBI CENTRAL,NAIROBI_BABADOGO_ATC,2693
NAIROBI CENTRAL,NAIROBI_BURUBURU_PHASE_II,1560
NAIROBI CENTRAL,NAIROBI_CITAM_PARKLANDS,1425
NAIROBI EAST,NAIROBI_CLAY_CITY,140
NAIROBI EAST,NAIROBI_DANDORA,3891
NAIROBI EAST,NAIROBI_DANDORA_CHIEKO,2086
NAIROBI CENTRAL,NAIROBI_DEVANI_MUKURU,8017
NAIROBI CENTRAL,NAIROBI_EASTLEIGH_MUYUYU_ROAD,2839
NAIROBI EAST,NAIROBI_FORESTRY_HQ,877
NAIROBI WEST,NAIROBI_GALANA,1562
NAIROBI EAST,NAIROBI_GITHURAI_44,4425
NAIROBI WEST,NAIROBI_JAMHURI_SHOWGROUND,535
NAIROBI CENTRAL,NAIROBI_KAYOLE_IMPROVEMENT_2,2777
NAIROBI CENTRAL,NAIROBI_KEMPISKI_IBS,14
NAIROBI WEST,NAIROBI_KIDDYVILLA_KINDERGATEN,399
NAIROBI WEST,NAIROBI_KILELESHWA,1050
NAIROBI CENTRAL,NAIROBI_KOINANGE_NEW,743
NAIROBI CENTRAL,NAIROBI_LUNGA_LUNGA,3722
NAIROBI CENTRAL,NAIROBI_MATER_HOSPITAL,4
NAIROBI CENTRAL,NAIROBI_MATHARE_NORTH,2333
NAIROBI CENTRAL,NAIROBI_MATHARE_RIVER,8322
NAIROBI EAST,NAIROBI_MEMBLEY,1565
NAIROBI CENTRAL,NAIROBI_MERIDIAN,626
NAIROBI CENTRAL,NAIROBI_MUKURU_KWA_NJENGA,525
NAIROBI CENTRAL,NAIROBI_MUKURU_KWA_RUBEN,4683
NAIROBI WEST,NAIROBI_MUTHANGARI,526
NAIROBI WEST,NAIROBI_NAKUMATT_CROSS_ROAD_IBS,16
NAIROBI WEST,NAIROBI_ONGATA_RONGAI_OLEKASASI,1603
NAIROBI EAST,NAIROBI_OPUNDO_ROAD,3826
NAIROBI CENTRAL,NAIROBI_PARKSIDE_INDOOR,100
NAIROBI EAST,NAIROBI_RIDGEWAYS_NEW,1308
NAIROBI CENTRAL,NAIROBI_SDA_CLINIC_LIKONI_ROAD,1888
NAIROBI EAST,NAIROBI_SUKARI,1353
NAIROBI EAST,NAIROBI_THIKA_RD_CLAYWORKS,2560
NAIROBI EAST,NAIROBI_THIKA_RD_MALL_IBS,531
NAIROBI CENTRAL,NAIROBI_UMOJA_1N,1263
NAIROBI CENTRAL,NAIROBI_UMOJA_IC,2454
NAIROBI WEST,NAIROBI_UPPER_RIVERSIDE_NEW,545
NAIROBI EAST,NAIROBI_USIU,1319
NAIROBI WEST,NAIROBI_WAITHAKA_EAST_SFC,1867
NAIROBI CENTRAL,NAIROBI_WEST_END_BUILDING_IBS,551
NAIROBI EAST,NAIROBI_WINDSOR_GOLF_CLUB,1352
NAIROBI WEST,NAIROBI_WOODLAND_LANE,592
NAIROBI WEST,NAIROBI_YAYA_NEW,1282
ABERDARE,NAIVASHA_MARORO,3554
ABERDARE,NAIVASHA_NORTH_LAKE_ROAD,560
ABERDARE,NAKURU_DELAMERE,604
ABERDARE,NAKURU_FIFTY_EIGHT,1506
ABERDARE,NAKURU_NGATA,1414
ABERDARE,NAKURU_PANGANI,2113
ABERDARE,NAKURU_RAILWAY_STATION,1077
ABERDARE,NAKURU_REFERRAL_HOSPITAL,1109
ABERDARE,NAKURU_WESTSIDE_MALL_IBS,895
ABERDARE,NAROK_NYAWIRA_STREET,2675
NAIROBI WEST,NAZARENE_UNIVERSITY,739
RIFT,NDIVISI,2156
NAIROBI EAST,NDUMBERI_SAFARICOM,2422
BUNGOMA,NETIMA_MUSAKASA,2392
EASTERN,NGELANI,2811
EASTERN,NJUKINI,614
ABERDARE,NTULELEI,1923
WESTERN,NYAIROBI,2003
ABERDARE,NYAIROKO,1250
MERU,NYAMBENE,1942
WESTERN,NYAMIRA_TOWN,5058
WESTERN,NYASORE,1557
ABERDARE,OLKALAU_TOWN,4460
ABERDARE,OL_MANYATTA,1848
WESTERN,PAU_AKUCHE,2687
NAIROBI WEST,PCEA_KITENGELA,3290
WESTERN,RAKWARO,1776
COAST,RAMISI,890
WESTERN,RANGWE_HILL,1708
WESTERN,RORET,1120
NAIROBI EAST,RUIRU_MAHETERO,2076
RIFT,RWANDO,1561
MERU,SIAKAGO,3358
BUNGOMA,SIDINDI,1318
BUNGOMA,SIREMBE,1873
WESTERN,SIRIBA,2356
RIFT,SIRUNGAI_HILL,3799
MERU,SOLOLO,2116
RIFT,SOY,3303
MERU,SUBUIGA,1183
WESTERN,SUNEKA_NYANGITI,4744
ABERDARE,TALEK,1001
NAIROBI EAST,THIKA_HIGHLEVEL,1060
NAIROBI EAST,THIKA_KYANJAU,3340
ABERDARE,TIMBOIWO,1263
NAIROBI EAST,TINGANGA_SAFCOM,2542
MERU,TURBI,709
NAIROBI CENTRAL,UTAWALA_GITHUNGURI,1977
COAST,VOI,3518
MERU,WAMAGANA_ATC,1448
MERU,WAMBA_SAMBURU,1382
ABERDARE,WANJOHI_CENTRE,1923
BUNGOMA,WEBUYE_PAPER_MILLS,1078
EASTERN,WIKILILYE,2405
RIFT,AKIRIAMET,403
BUNGOMA,AMAGORO_ATC,2823
BUNGOMA,AMBIRA,1062
BUNGOMA,AMUKURA,3254
WESTERN,ANEKO_NYATHIKA,1087
WESTERN,ASUMBI,2113
NAIROBI WEST,BARTIMARO,1185
BUNGOMA,BUHURU,2306
BUNGOMA,BUNGOMA_SOUTH_ATC,3536
BUNGOMA,BUSIBWABO,2332
RIFT,CHEBARA,392
RIFT,CHEMUSWO,1434
RIFT,CHEPKONO,1373
RIFT,CHEPKUNYUK,1960
WESTERN,CHEPTALAL,2475
RIFT,CHERANGANYI,4265
COAST,DIANI_SOUTH,868
ABERDARE,EBURRU_TKL,1413
BUNGOMA,EKITALE,2400
RIFT,ELDORET_KIPKAREN,3786
ABERDARE,ELEMENTAITA,1891
WESTERN,ETAGO,3619
EASTERN,GARISSA_TOWN,3399
MERU,GATITHINE,796
MERU,GATUMBIRO,1894
ABERDARE,GICHAKA,1210
NAIROBI WEST,GITARU_RIKUBI,2111
WESTERN,GOD_OYARO_2,1192
BUNGOMA,GOT_KACHIENG,1286
WESTERN,GOT_NYABISAWA,3036
ABERDARE,GWA_KUNGU,2156
COAST,HINDI,848
MERU,IGANE,3482
MERU,IGOJI_NEW_ATC,3231
NAIROBI EAST,IKINU,3103
EASTERN,IKOMBE,3395
RIFT,ILEHO,1700
EASTERN,ILTOROTO,692
MERU,IRIAITUNE,2137
MERU,ISHIARA,1657
MERU,ISIOLO_KULA_MAWE,422
NAIROBI CENTRAL,KABETE_NDONGORO,584
MERU,KADONGU,2003
WESTERN,KAJULU_OSIEPE,1872
BUNGOMA,KAKAMEGA_SOUTH,3044
BUNGOMA,KAKAMEGA_WEST,2594
NAIROBI EAST,KALIMONI_KENYATTA_ROAD_NEW,4070
MERU,KAMBURU,2085
NAIROBI WEST,KAMUNGU,1303
NAIROBI EAST,KANGANGU,884
RIFT,KAPENGURIA_COUNTY_OFFICES,1583
WESTERN,KAPKATET,2385
RIFT,KAPKONDOT,728
BUNGOMA,KAPSAKWONY,2971
RIFT,KAPSANGAR,2772
WESTERN,KAPSOIT,3939
WESTERN,KAPTELE,1422
MERU,KARABA,889
ABERDARE,KARANGATHA,1788
MERU,KARUE_HILL,5747
MERU,KATHELWA,827
MERU,KATIMBI,2235
MERU,KIAIHURU,1658
NAIROBI EAST,KIAMBU_RIABAI,1506
MERU,KIANGAI,3196
WESTERN,KIBIRIGO,5300
COAST,KIBOKONI,3342
NAIROBI CENTRAL,KIBUTU,567
MERU,KIGANJO_POLICE,2035
EASTERN,KIKAMBUANI,2242
WESTERN,KIKUBI,2201
COAST,KILIFI_BEACH_AREA,1119
COAST,KILIFI_RURUMA,2031
WESTERN,KIOBEGI,3595
WESTERN,KIPTIGET,1555
WESTERN,KISII_UNIVERSITY,3807
WESTERN,KISUMU_AIRPORT,2730
WESTERN,KISUMU_INDUSTRIAL_AREA,1389
WESTERN,KISUMU_KEMRI,1885
WESTERN,KISUMU_NYALENDA_B,2153
NAIROBI WEST,KITENGELA,2905
NAIROBI WEST,KITENGELA_4,611
NAIROBI WEST,KITENGELA_KYANGOMBE,3563
ABERDARE,KITI_NAKURU_ATC,2769
COAST,KOKOTONI,4067
RIFT,KOKSEN,28
RIFT,KOLONGOLO_MARKET,3740
EASTERN,KONZA_MALILI_ATC,390
MERU,KORR,418
EASTERN,KUTULO,440
EASTERN,KYUSO,1913
COAST,LANGOBAYA,1664
NAIROBI WEST,LIMURU,4406
ABERDARE,LOOSUK_MARKET,1429
COAST,LUNGA_LUNGA,1990
BUNGOMA,LUTACHO,1028
EASTERN,MACHAKOS_JUNCTION,3194
BUNGOMA,MADUNGU_ATC,2382
WESTERN,MAGENA,3638
BUNGOMA,MAGETA_ISLAND,1565
COAST,MAGONGO_BOKOLE_2,4325
ABERDARE,MAIRO_INYA_ZIWANI,2245
BUNGOMA,MALAVA,1487
BUNGOMA,MALINYA,1797
NAIROBI EAST,MARABA_WEITEITHIE,3633
ABERDARE,MARA_INTREPID,60
NAIROBI EAST,MARIAINI,772
ABERDARE,MARIGAT,2499
WESTERN,MASARA_ATC,1608
MERU,MASCANI,2843
WESTERN,MASENO,6398
EASTERN,MASINGA_TOWN_ATC,1471
BUNGOMA,MATEKA,3354
ABERDARE,MAUA_MERIDIA,875
EASTERN,MBEVO_HILL,1829
COAST,MDOMO,307
MERU,MERU_TIMBER,2857
BUNGOMA,MIENDO,1635
WESTERN,MIGORI_TOWN,4265
RIFT,MIMOSA_ATC,1756
COAST,MIRITINI_JOMVU,3111
BUNGOMA,MISIKHU,3710
EASTERN,MITABONI,1842
COAST,MKUNUMBI,1102
NAIROBI WEST,MOI_GIRLS_ISINYA,1541
RIFT,MOI_UNIVERSITY_ANNEX,2655
WESTERN,MOKWERERO,5312
COAST,MOMBASA_KIEMBENI_NORTH,2859
COAST,MOMBASA_MNAZI,1195
COAST,MOMBASA_SHANZU,1100
COAST,MOMBASA_VIKWATANI,3372
WESTERN,MOSOCHO,6597
COAST,MPEKETONI,2703
MERU,MT_KULAL,200
EASTERN,MWALA,1472
MERU,MWEA_TOWN,4499
MERU,MWEA_WANGURU,4054
NAIROBI WEST,NAIROBI_AGHA_UNIVERSITY_IBS,5
NAIROBI CENTRAL,NAIROBI_EASTLEIGH_SECTION_2,2860
NAIROBI WEST,NAIROBI_GICHAGI,2209
NAIROBI EAST,NAIROBI_GITHURAI_MWIHOKO,3335
NAIROBI CENTRAL,NAIROBI_HURUMA_KIAMAIKO,2738
NAIROBI CENTRAL,NAIROBI_IMARA_DAIMA,1155
NAIROBI WEST,NAIROBI_JKUAT_KAREN_CAMPUS,853
NAIROBI CENTRAL,NAIROBI_JUJA_ROAD,4940
NAIROBI EAST,NAIROBI_KAHAWA_WEST,2469
NAIROBI CENTRAL,NAIROBI_KANGEMI,3289
NAIROBI WEST,NAIROBI_KAPA_OIL,959
NAIROBI WEST,NAIROBI_KASUKU_ROAD,1088
NAIROBI EAST,NAIROBI_KAYOLE_JUAKALI,2789
NAIROBI CENTRAL,NAIROBI_KAYOLE_NORTH_AIC,4266
NAIROBI CENTRAL,NAIROBI_KAYOLE_PATANISHO,2816
NAIROBI CENTRAL,NAIROBI_KAYOLE_SOWETO,4608
NAIROBI CENTRAL,NAIROBI_KAYOLE_SOWETO_CATHOLIC,5166
NAIROBI WEST,NAIROBI_KILIMANJARO_ROAD,475
NAIROBI WEST,NAIROBI_KIM_SOUTH_C,1477
NAIROBI WEST,NAIROBI_KUWINDA,1125
NAIROBI CENTRAL,NAIROBI_KWA_NJENGA_MOSQUE,5088
NAIROBI EAST,NAIROBI_MAZIWA_ESTATE_KAHAWA_WEST,1818
NAIROBI WEST,NAIROBI_MOS_AYANY_MARKET,3830
NAIROBI EAST,NAIROBI_MUTHAIGA_GERTRUDES,625
NAIROBI CENTRAL,NAIROBI_MUTHITHI,558
NAIROBI WEST,NAIROBI_NGONG_CHERRY_HILL,1508
NAIROBI EAST,NAIROBI_NJIRU_RED_SOIL,3553
NAIROBI WEST,NAIROBI_ONGATA_RONGAI,4839
NAIROBI CENTRAL,NAIROBI_PARKLANDS_3RD_AVENUE,1182
NAIROBI CENTRAL,NAIROBI_RTI_SOUTH_B,605
NAIROBI CENTRAL,NAIROBI_RUAI,2205
NAIROBI CENTRAL,NAIROBI_RUAI_PCEA,1742
NAIROBI EAST,NAIROBI_RUARAKA_EXCH,2987
NAIROBI CENTRAL,NAIROBI_RUNDA_POLICE,3064
NAIROBI CENTRAL,NAIROBI_SAMEER,1267
NAIROBI CENTRAL,NAIROBI_STAREHE,1140
NAIROBI CENTRAL,NAIROBI_TEMPLES,1485
NAIROBI WEST,NAIROBI_THIRD_NGONG_AVENUE,538
NAIROBI WEST,NAIROBI_T_MALL_IBS,18
NAIROBI CENTRAL,NAIROBI_UTAWALA_ZEBRA,1536
NAIROBI WEST,NAIROBI_WAITHAKA_EAST,4157
NAIROBI CENTRAL,NAIROBI_WESTGATE_MICRO,90
ABERDARE,NAIVASHA_CRATER_LAKE,386
ABERDARE,NAKURU_MILITARY_ACADEMY,2180
ABERDARE,NAKURU_MWARIKI_SFC,2001
ABERDARE,NAKURU_MZEE_WA_NYAMA,2550
ABERDARE,NAKURU_NGEI_ESTATE,1419
ABERDARE,NAKURU_RHONDA_WEST,1956
ABERDARE,NAKURU_SATELLITE,2736
BUNGOMA,NAMBALE,5285
MERU,NANYUKI_EQUATOR_ROAD_ATC,2319
RIFT,NDURIO,1713
WESTERN,NGERE,1974
COAST,NGOMBENI_ATC,2760
EASTERN,NGUNI,2451
BUNGOMA,NGWELO,1170
ABERDARE,NJORO_CAMPUS,4300
ABERDARE,NJORO_SIAN_ROSES,903
MERU,NORTH_HORR,1245
ABERDARE,NORTH_KINANGOP,3951
MERU,NTHUMBURI,1931
WESTERN,NYAMONDO,4900
MERU,NYERI_KIMATHI_INSTITUTE,1122
ABERDARE,OL_MORAN,1480
WESTERN,ONGER_ATC,993
BUNGOMA,RABAR,1780
NAIROBI WEST,RANGAU_ONGATA_RONGAI_SGR_STATION,923
NAIROBI CENTRAL,RUAKA_MURUGU_GROOVE,1034
BUNGOMA,RUAMBWA,1750
NAIROBI EAST,RUIRU_MoW,1163
NAIROBI EAST,SAGANA,1508
EASTERN,SALAMA_TOWN,1655
ABERDARE,SALGAA_WALDAI,2520
BUNGOMA,SHIMANYIRO,2938
BUNGOMA,SHINYALU,2862
WESTERN,SOIN_ATC,2096
MERU,SOLOLO_MAKUTANO,463
RIFT,SONGHOL_HILL,2479
NAIROBI WEST,SYOKIMAU_CENTRE,2455
COAST,TAVETA_TOWN,3716
ABERDARE,TENGES,913
NAIROBI WEST,THIGIO_KIAMBU,2756
NAIROBI EAST,THIKA_KIMUCHU,633
NAIROBI EAST,THIKA_PRIMSROSE,1577
NAIROBI EAST,THIKA_TOWN,3399
MERU,TIMAU,1921
RIFT,TOT,780
COAST,TSIMBA,1455
MERU,TURBI_KAMPI_NYOKA,306
ABERDARE,TURI,1806
NAIROBI CENTRAL,TWO_RIVERS,453
BUNGOMA,USENGE,2333
COAST,VIPINGO,2987
NAIROBI CENTRAL,WANGIGE_MARKET,3677
BUNGOMA,ABOM_ATC,2224
ABERDARE,AITONG,1566
COAST,ATC_MBUNGONI_KISAUNI,2974
NAIROBI WEST,ATHI_RIVER,1934
NAIROBI WEST,ATHI_RIVER_KMC,3221
WESTERN,AWENDO_TOWN,2811
COAST,BARAHOYO,3363
MERU,BARICHO_NDIA,2563
WESTERN,BARSIELE,2159
BUNGOMA,BOKOLI,1948
BUNGOMA,BUHUYI_SECONDARY_SCHOOL,2873
BUNGOMA,BUKURA,3667
MERU,CAMPI_YA_CHUMVI,213
WESTERN,CHEBANGO,1137
RIFT,CHELINGWA,1321
WESTERN,CHEMASIT,2768
COAST,CORAL_KEY,2699
NAIROBI WEST,DAYSTAR_ATHI_RIVER,1311
RIFT,DIGUNA,2698
RIFT,ELDORET_HURUMA_KINGONGO,5861
RIFT,ELDORET_KAPSOYA,3112
RIFT,ELDORET_KAPSOYA_ESTATE,1928
RIFT,ELDORET_POLYTECHNIC,5900
WESTERN,FORT_TENAN,2020
NAIROBI EAST,GACHARAGE,2160
NAIROBI CENTRAL,GACHIE,1692
NAIROBI CENTRAL,GACHIE_NEW,1468
EASTERN,GARISSA_BULLA_MZURI,3059
RIFT,GAS_Primary_School,19
NAIROBI CENTRAL,GATHIGA,1412
NAIROBI EAST,GATUYA,2314
ABERDARE,GILGIL_WEIGH_BRIDGE,209
BUNGOMA,GOBEI,2238
WESTERN,GORGOR,2772
EASTERN,Hargaderra_G3,106
MERU,IHURIRIO,2235
EASTERN,IKALAASA,818
WESTERN,KADONGO,4480
MERU,KAGUMO,2670
NAIROBI EAST,KAGWE,3476
ABERDARE,KAHURUKO_CENTRE,1399
ABERDARE,KAITAPINI,638
NAIROBI WEST,KAJIADO_SOUTH,1207
NAIROBI WEST,KAJIADO_TOWN_SC_2,12
MERU,KAJIAMPAU,2130
EASTERN,KALAMBA,1071
NAIROBI EAST,KALIMONI_KENYATTA_ROAD,5198
EASTERN,KAMOR_JILA,401
NAIROBI CENTRAL,KAMULU_STAGE_26,2298
MERU,KANUNGA_HUB_ATC,1492
NAIROBI EAST,KANUNGA_KIAMBU,1392
ABERDARE,KANYAGIA,1881
WESTERN,KANYAMWA_KOMUNGU,1026
WESTERN,KAPKWEN,1782
RIFT,KAPTAGAT_CHEPTIGIT,1056
NAIROBI WEST,KARAI,2496
EASTERN,KATANGI,1759
EASTERN,KATANGINI,2122
WESTERN,KENYAGO,748
ABERDARE,KENYA_FARMERS_ASS,871
MERU,KERUGOYA_TOWN,3082
NAIROBI CENTRAL,KIAMBAA_CENTER,1572
COAST,KIKONENI,3140
NAIROBI WEST,KIKUYU,4302
COAST,KILIFI_CBD,1601
EASTERN,KILIMAMBOGO,1799
WESTERN,KIMARGIS_KAPKOROS,2177
RIFT,KIMNGOROR,1715
WESTERN,KINDU_BAY_TOWN,1674
NAIROBI CENTRAL,KINOO,1268
WESTERN,KIOGORO,2170
ABERDARE,KIPTAGICH,2530
NAIROBI WEST,KISERIAN,3422
WESTERN,KISII_MILIMANI,4301
WESTERN,KISUMU_KAJULU_GOT_NYABONDO,2101
WESTERN,KISUMU_KANYAWEGI,939
WESTERN,KISUMU_MILIMANI,1170
WESTERN,KISUMU_MOSQUE,886
WESTERN,KISUMU_WATHOREGO,1644
WESTERN,KISUMU_WESTEND_MALL_IBS,308
NAIROBI WEST,KITENGELA_CHUNA,1164
NAIROBI WEST,KITENGELA_MILIMANI,1336
NAIROBI WEST,KITENGELA_TOWN,5146
MERU,KIWANJA_ISIOLO,674
RIFT,KOBUJOI,1680
RIFT,KOISAGAT,3152
RIFT,KOKWOPTORIR,3320
WESTERN,KOROWE,2825
WESTERN,KSM_PATEL_JUNCTION,1776
MERU,KUTUS_MJINI,3439
MERU,LAARE,4486
COAST,LIKONI_ISTQAMA,4930
RIFT,LODWAR,2542
ABERDARE,LONDIANI_HILL,1499
ABERDARE,MACHA,2700
EASTERN,MADOGO_TOWN,5512
RIFT,MAKUTANO_JUNCTION,719
RIFT,MAKUTANO_KAPENGURIA_ATC,887
COAST,MALINDI_MARINE_PARK,9
COAST,MALINDI_TOWN,2276
COAST,MARAFA,1206
MERU,MARAGIMA,539
NAIROBI EAST,MARAGUA_RIDGE_ATC,1210
COAST,MAREJE_BANDO,1191
COAST,MARIAKANI_SCHOOL_OF_RIFLES,1651
MERU,MARIMA_ATC,1439
ABERDARE,MARTI_PRIMARY_SCHOOL,250
RIFT,MARUS_PKOPOGH,1938
COAST,MAZIWANI,982
EASTERN,MBITINI,2106
EASTERN,MBUVU,1075
WESTERN,MENYENYA_HILLS,5173
WESTERN,MIGORI_OMBO,5294
ABERDARE,MOGOTIO,1731
ABERDARE,MOGOTIO_TOWN,2927
COAST,MOMBASA_BAMBURI_CEMENT,2741
COAST,MOMBASA_ENGLISH_POINT,476
COAST,MOMBASA_GANJONI,1400
COAST,MOMBASA_HONGERA_ROAD,1180
COAST,MOMBASA_JOMO_KENYATTA,1489
COAST,MOMBASA_SHELLY_BEACH_2,3606
COAST,MOMBASA_STADIUM,2094
NAIROBI WEST,MPAYEEI_STAGE,1390
COAST,MSABAHA,4080
NAIROBI EAST,MURANGA_TOWN,7585
ABERDARE,MURUNGARU,1529
BUNGOMA,MUTUMBU,1474
MERU,MUTUOBANE_MARKET,3032
COAST,MWABUNGO,1965
COAST,MWANANYAMALA,1441
COAST,MWANGULU_TOWN,1735
COAST,MWATATE,2152
RIFT,MWEN_NYARU,2213
NAIROBI EAST,MWIKI_KASSMART,148
EASTERN,MWINGI_TOWN,2651
NAIROBI CENTRAL,NAIROBI_AGHA_KHAN_MICRO,60
NAIROBI WEST,NAIROBI_AMACEA,734
NAIROBI CENTRAL,NAIROBI_ARCHIVES,1834
NAIROBI WEST,NAIROBI_DAGORETTI_CORNER,3004
NAIROBI EAST,NAIROBI_DANDORA_NEW,2361
NAIROBI EAST,NAIROBI_DANDORA_SHILANGA,2335
NAIROBI CENTRAL,NAIROBI_DESAI_ESTATE,1374
NAIROBI CENTRAL,NAIROBI_EMBAKASI,3572
NAIROBI WEST,NAIROBI_EQUITY_CENTRE_IBS,29
NAIROBI EAST,NAIROBI_GITHURAI_KIMBO,1992
NAIROBI EAST,NAIROBI_GITHURAI_MARKET,3661
NAIROBI CENTRAL,NAIROBI_GURU_NANAK,2581
NAIROBI CENTRAL,NAIROBI_INDUSTRIAL_AREA_NEW,3153
NAIROBI WEST,NAIROBI_KAREN_BOGANI,440
NAIROBI WEST,NAIROBI_KAWANGWARE,4269
NAIROBI EAST,NAIROBI_KAYOLE_MATOPENI_2,3694
NAIROBI CENTRAL,NAIROBI_KAYOLE_RASTA,4199
NAIROBI CENTRAL,NAIROBI_KENYA_POLYTECHNIC,1005
NAIROBI CENTRAL,NAIROBI_KINGS_COURT,1709
NAIROBI CENTRAL,NAIROBI_LORESHO_KCCT,1095
NAIROBI CENTRAL,NAIROBI_LUMUMBA,1952
NAIROBI WEST,NAIROBI_MARCUS_GAVEY_ROAD,811
NAIROBI WEST,NAIROBI_MASAI_MALL_IBS,1132
NAIROBI CENTRAL,NAIROBI_MITSUMI_BUSINESS_PARK_IBS,783
NAIROBI CENTRAL,NAIROBI_MURANGA_ROAD,953
NAIROBI CENTRAL,NAIROBI_MUTHAIGA,363
NAIROBI CENTRAL,NAIROBI_NEW_FEDHA,2336
NAIROBI CENTRAL,NAIROBI_NEW_STANLEY_HOTEL_MICRO,10
NAIROBI CENTRAL,NAIROBI_OJIJO_2,2
NAIROBI WEST,NAIROBI_OLE_SERENI_IBS,734
NAIROBI WEST,NAIROBI_RACECOURSE,2339
NAIROBI WEST,NAIROBI_RIVERSIDE_MEWS,537
NAIROBI CENTRAL,NAIROBI_RUAI_TAMU_TAMU,1425
NAIROBI CENTRAL,NAIROBI_SAMEER_PARK,891
NAIROBI EAST,NAIROBI_SOWETO,3003
NAIROBI CENTRAL,NAIROBI_TASSIA_KWARE_II,2409
NAIROBI CENTRAL,NAIROBI_UHURU_ESTATE,2480
NAIROBI CENTRAL,NAIROBI_UTAWALA_MIHANGO,2996
NAIROBI CENTRAL,NAIROBI_VILLAGE_MARKET,384
NAIROBI CENTRAL,NAIROBI_VISION_PLAZA,696
NAIROBI EAST,NAIROBI_WINDSOR_ESTATE,3444
NAIROBI WEST,NAIROBI_YAYA_MICRO,752
ABERDARE,NAKURU_BARRACKS,2831
ABERDARE,NAKURU_BONDENI,1707
ABERDARE,NAKURU_HESHIMA_CENTRE,4447
ABERDARE,NAKURU_KAPKURES,1605
ABERDARE,NAKURU_LANGALANGA,1577
ABERDARE,NAKURU_NAKA,976
ABERDARE,NAKURU_NGATA_BRIDGE,1913
ABERDARE,NAKURU_TTC,3362
ABERDARE,NAKURU_WESTSIDE_MALL,435
COAST,NAROK_PULONGA,2468
MERU,NARU_MORU,3954
ABERDARE,NDARAGWA,816
BUNGOMA,NDIGWA,1240
EASTERN,NGIINI_ATC,2553
NAIROBI WEST,NGONG_KIBIKO_2,1857
NAIROBI WEST,NGONG_MILELE_MALL_IBS,483
WESTERN,NGUKU,872
MERU,NKUBU_TOWN,6188
WESTERN,NTIMARU,3042
ABERDARE,NYAHURURU_MUTHAIGA,2883
WESTERN,NYAMAGWA,1879
WESTERN,NYAMIRA_SIAMAN,6
WESTERN,NYANDO_WANGAYA,1842
WESTERN,NYARAMBA,2198
WESTERN,NYARONGE,5322
MERU,NYERI_GICHAGA,1339
MERU,NYERI_NATIONAL_POLYTECHNIC,771
BUNGOMA,NYILIMA_KANDARIA,1974
WESTERN,OGEMBO_TOWN,4097
ABERDARE,OLKURRUK,987
EASTERN,OLOITOKITOK,3895
WESTERN,ORUBA,1069
WESTERN,OYUGIS,7396
BUNGOMA,RAGEGNI,1688
MERU,RUNYENJES_IMPROVEMENT,4375
BUNGOMA,SAMITSI,3021
COAST,SHELLA,2578
BUNGOMA,SIAYA_EAST,2740
WESTERN,SIGOR,2268
WESTERN,SINDO,2614
WESTERN,SONDU,2565
RIFT,SONGOLIET,1450
WESTERN,SOSIOT_GIRLS,3275
NAIROBI WEST,SYOKIMAU_KATANI,2011
EASTERN,TALA,742
ABERDARE,TENDWET,1692
NAIROBI EAST,THIKA_MAKI,1108
ABERDARE,TIKAKO,499
COAST,UKUNDA_GOMBATO,1897
EASTERN,ULUTYA_HILL,2378
EASTERN,VOO_ATC,934
NAIROBI WEST,WAITHAKA_TECHNICAL_TRAINING,610
RIFT,WAUNIFOR,1145
BUNGOMA,WEBUYE_HILL,4551
ABERDARE,WIYUMIRIRIE,2249
ABERDARE,ABERDARE_MIKEU,1666
COAST,ADC_GALANA,235
NAIROBI EAST,AIPCK_GITHOTHUA,2983
BUNGOMA,ALUDEKA,1144
NAIROBI WEST,ATHI_RIVER_PORTLAND,4488
BUNGOMA,BANJA,2184
RIFT,BAYETE,1669
BUNGOMA,BUDALANGI,2273
BUNGOMA,BUMULA,2747
BUNGOMA,BUNGOMA_HILL,3524
BUNGOMA,BUSIA_TOWN,5003
BUNGOMA,BUSIBI,2164
RIFT,CATHEDRAL_CHURCH_LODWAR,1593
COAST,CHAKAMA,800
BUNGOMA,CHAVAKALI_ATC,2550
WESTERN,CHEBOWEN,2090
NAIROBI WEST,CLARKS_APARTMENTS_KITENGELA,1631
MERU,DOLDOL,1699
RIFT,ELDORET_RAIL_STATION,1301
RIFT,ELDORET_ZION_MALL_IBS,51
MERU,EMBU_TOWN,4043
MERU,ENDARASHA,2785
RIFT,ENDEBESS,2786
ABERDARE,ERRORET,799
ABERDARE,ESAGERI,2183
MERU,GAKUYU_2,1452
EASTERN,GARISSA_KWS_QUARTERS,1703
EASTERN,GARISSA_LIVESTOCK,669
EASTERN,GARISSA_TECHNICAL,1566
COAST,GARSEN,1267
ABERDARE,GATERO,1983
MERU,GICHICHI,2153
MERU,GITHONGO,3280
NAIROBI WEST,GITITHIA,2498
NAIROBI EAST,GITUGI_GIRLS_SECONDARY,2993
WESTERN,GOD_PURO,2670
EASTERN,HOLA,2408
WESTERN,HOMALIME_MARKET,933
RIFT,ITEN,5167
NAIROBI EAST,JUJA,2520
ABERDARE,KABARAK,1676
WESTERN,KADONGO_NEW,3573
BUNGOMA,KAIMOSI,5780
EASTERN,KAIRUNGU,805
WESTERN,KAJULU_MWEMBE_MMOJA,1529
BUNGOMA,KAKAMEGA_LURAMBI,6389
RIFT,KAKUMA,6576
EASTERN,KAKUYUNI,1548
EASTERN,KALAWANI,2547
ABERDARE,KAMARA_PRIMARY_SCHOOL,1378
MERU,KAMIRURI,1775
NAIROBI EAST,KAMUKABI,1464
BUNGOMA,KANDINDI,2624
MERU,KANGAITA_ATC,1628
NAIROBI EAST,KANGARE,2791
WESTERN,KAPNARIET,1584
RIFT,KAPSABET_TKL,4484
RIFT,KAPTULI,2168
ABERDARE,KARUNGA,4104
RIFT,KATILU_ATC,299
EASTERN,KATULANI,1289
ABERDARE,KEEKOROK_LODGE,43
ABERDARE,KERINGET_NORTH_OLEN,2636
NAIROBI EAST,KIAMBUGI,2141
MERU,KIANJOKOMA,4592
MERU,KIAWARA,1357
MERU,KIBIRIGWI,4206
MERU,KIEMBERE_HILL,327
MERU,KIGOGOINI_TETU,883
COAST,KILIFI_BOFA,5322
ABERDARE,KIMALEL,449
BUNGOMA,KIMALEWA,1475
MERU,KINORO_MUGAE,1288
RIFT,KIPSIGAK_ATC,1349
WESTERN,KISUMU_CBD,1463
WESTERN,KISUMU_CHIGA_SAFARICOM,1202
WESTERN,KISUMU_MOUNTAIN_VIEW,2317
WESTERN,KISUMU_MOWLEM,3843
WESTERN,KISUMU_OBWOLO_JUNCTION,2086
EASTERN,KITUI_MAJENGO,1387
WESTERN,KIWEGI,4935
WESTERN,KOPERE,403
RIFT,KOSHIN,1369
COAST,KUTIMA_RANCH,988
MERU,KUTUS,1466
COAST,KWALE_TOWN,3832
EASTERN,KWALULI_ATC,2914
ABERDARE,LIKIA,3856
RIFT,LOKARE,167
EASTERN,MACHAKOS_CENTRE,4039
EASTERN,MACHAKOS_TOWN,3751
EASTERN,MACHINERY,2122
COAST,MADUNGUNI,3661
BUNGOMA,MAKUNGA,1680
MERU,MAKUTANO,2252
EASTERN,MANDERA_TOWN,1052
RIFT,MATUNDA,5685
MERU,MAUA,5102
ABERDARE,MAU_NAROK_NEW,6229
MERU,MERU_GIKOROMONE,1105
WESTERN,MIGORI_NAMBA,1467
BUNGOMA,MISANGO_HILL,3281
EASTERN,MODICAR,708
WESTERN,MOI_INST_RONGO,2201
COAST,MOMBASA_CHAANI,5102
COAST,MOMBASA_FREE_TOWN,2945
COAST,MOMBASA_KWA_JOMVU_2,2784
COAST,MOMBASA_MIKINDANI_INDUSTRIAL,2602
COAST,MOMBASA_POLYTECHNIC,2306
MERU,MOYALE,1
EASTERN,MUA_KATHIMANI,1267
EASTERN,MUA_RADAR,1533
MERU,MUKOTHIMA_MARKET,2134
NAIROBI EAST,MUNDORO,2926
NAIROBI EAST,MURANGA_NORTH,1562
MERU,MUTUATI,3230
NAIROBI CENTRAL,NAIROBI_AGA_KHAN_HOSPITAL,1073
NAIROBI CENTRAL,NAIROBI_AVENUE_PARK,4465
NAIROBI CENTRAL,NAIROBI_BAHATI_ESTATE,1634
NAIROBI CENTRAL,NAIROBI_BALOZI_ESTATE,1159
NAIROBI CENTRAL,NAIROBI_BROOKSIDE,1547
NAIROBI CENTRAL,NAIROBI_BUSIA_ROAD,3470
NAIROBI CENTRAL,NAIROBI_DIAMOND_PLAZA_MICRO,39
NAIROBI CENTRAL,NAIROBI_DONHOLM_SAVANNA,1361
NAIROBI WEST,NAIROBI_DTB_HQ_MOMBASA_ROAD,221
NAIROBI CENTRAL,NAIROBI_EASTLEIGH,11640
NAIROBI CENTRAL,NAIROBI_EASTLEIGH_THSE,3774
NAIROBI CENTRAL,NAIROBI_EMBAKASI_KIRINYAGA,2263
NAIROBI WEST,NAIROBI_EQUITY_KILIMANI_IBS,7
NAIROBI WEST,NAIROBI_GALLERIA_IBS,43
NAIROBI EAST,NAIROBI_GARDEN_ESTATE_ROAD,1120
NAIROBI EAST,NAIROBI_GITHURAI_MOSQUE,2670
NAIROBI CENTRAL,NAIROBI_HARAMBEE,162
NAIROBI WEST,NAIROBI_HILTON_GARDEN_INN,598
NAIROBI CENTRAL,NAIROBI_JERICHO,1341
NAIROBI WEST,NAIROBI_KANUNGAGA,8315
NAIROBI EAST,NAIROBI_KARIOBANGI,3334
NAIROBI EAST,NAIROBI_KASARANI,1815
NAIROBI WEST,NAIROBI_KILELESHWA_SUGUTA_ROAD,1013
NAIROBI CENTRAL,NAIROBI_KOMAROCK,3381
NAIROBI CENTRAL,NAIROBI_KOMAROCK_MASIMBA,3494
NAIROBI EAST,NAIROBI_KU_TEACHING_REFFERAL,2394
NAIROBI WEST,NAIROBI_KWS_NATIONAL_PARK,299
NAIROBI WEST,NAIROBI_MADARAKA,2212
NAIROBI CENTRAL,NAIROBI_MARKET,858
NAIROBI CENTRAL,NAIROBI_MIHANGO_KARANGITA,1912
NAIROBI WEST,NAIROBI_MILIMANI,975
NAIROBI WEST,NAIROBI_MUTUINI_DISTRICT_HOSPITAL,2476
NAIROBI CENTRAL,NAIROBI_NGECHA_TOWN,1138
NAIROBI WEST,NAIROBI_NGONG_BULBUL,1996
NAIROBI EAST,NAIROBI_NJATHAINI_ROAD,1351
NAIROBI EAST,NAIROBI_NSIS,745
NAIROBI CENTRAL,NAIROBI_NYAYO_EMBAKASI,2405
NAIROBI WEST,NAIROBI_NYERERE_ROAD,694
NAIROBI WEST,NAIROBI_ONGATA_RONGAI_CATHOLIC,3903
NAIROBI WEST,NAIROBI_ONGATA_RONGAI_ORANGE,3725
NAIROBI WEST,NAIROBI_OTIENDE_ESTATE,2663
NAIROBI WEST,NAIROBI_PUBLIC_SERVICE_CLUB,1011
NAIROBI WEST,NAIROBI_RACECOURSE_APARTMENTS,715
NAIROBI CENTRAL,NAIROBI_REGEN,4908
NAIROBI WEST,NAIROBI_ROSE_AVENUE,494
NAIROBI EAST,NAIROBI_RUARAKA,2076
NAIROBI WEST,NAIROBI_RUBIA_ESTATE,1732
NAIROBI CENTRAL,NAIROBI_SINAI_SLUMS,5011
NAIROBI WEST,NAIROBI_STRATHMORE_UNIVERSITY,1126
NAIROBI WEST,NAIROBI_ST_MARYS_HOSPITAL_LANGATA,842
NAIROBI CENTRAL,NAIROBI_SUNRAYS,2047
NAIROBI CENTRAL,NAIROBI_TASSIA_KIJIJI,6409
NAIROBI CENTRAL,NAIROBI_UTHIRU,2182
NAIROBI CENTRAL,NAIROBI_UTHIRU_GICHAGI,2000
NAIROBI WEST,NAIROBI_WEST,1920
NAIROBI EAST,NAIROBI_ZIMMERMAN_ROYSAMBU,1182
ABERDARE,NAIVASHA_KABATI,1972
BUNGOMA,NAMBALE_NEW,1566
RIFT,NANGILI_MARKET,1576
MERU,NANYUKI,9076
RIFT,NDALU,2230
ABERDARE,NDEMI,846
ABERDARE,NDUNYU_NJERU,3411
WESTERN,NGARAM,1174
NAIROBI WEST,NGARARIGA,1805
EASTERN,NGILUNI,678
BUNGOMA,NGIYA,1713
COAST,NGOMBENI,2236
EASTERN,NGOMENI_ATC,751
NAIROBI EAST,NJIRA_IGIRI,3688
MERU,NKORIGA,4473
EASTERN,NTHAWE,1524
EASTERN,NUU,1157
WESTERN,NYABIGEGI,2419
WESTERN,NYAMARAMBE,5129
MERU,NYERI_EAST,1022
MERU,NYERI_THEGENGE,1439
NAIROBI CENTRAL,Nairobi_Pangani_Hombe_Road,771
NAIROBI WEST,OLEPOLOS_ESTATE,1802
ABERDARE,OLOLULUNGA,1545
RIFT,ORTUM,5858
COAST,PWANI_UNIVERSITY,4802
WESTERN,RABOUR,2839
WESTERN,RANEN,3633
MERU,RIAKANAU_ATC,783
MERU,RWIKA,2244
ABERDARE,SAOS_ATC,754
RIFT,SIGOR_WEST_POKOT,1420
WESTERN,SILIBWET,1735
RIFT,SINONIN,1016
EASTERN,SOFIA_ATC,2878
WESTERN,SORI,1733
WESTERN,STELLA_MARKET,1643
ABERDARE,SUSIAN_HILL,1065
NAIROBI WEST,SYOKIMAU,1116
NAIROBI EAST,THARE_KANDARA,2906
NAIROBI EAST,THIKA_CEMETRY,1474
NAIROBI EAST,THIKA_DELMONTE,1377
MERU,TIMAU_KIAMBOGO,3987
RIFT,TURBO_ENDEBESS_ROAD,2176
COAST,UKUNDA_VILLAGE,2173
ABERDARE,UMOJA_NAKURU,3348
NAIROBI CENTRAL,UTHIRU_KAGONDO,1613
BUNGOMA,WAGAI,2410
WESTERN,WASWETA_1,973
BUNGOMA,AKALA,2649
BUNGOMA,ALUPE,2619
RIFT,BIG_TREE,2179
BUNGOMA,BUSIA_AIR_STRIP,4593
COAST,CHALLA_ATC,544
RIFT,CHEBORORWA_ATC,2126
WESTERN,CHELILIS,1088
WESTERN,CHEMAMUL,1310
WESTERN,CHEPSIR,1240
EASTERN,DERTU,13
MERU,DIFATHAS_ATC,1364
ABERDARE,ELBURGON,4773
RIFT,ELDORET_CHEPKOILEL_CAMPUS,2200
RIFT,ELDORET_NORTH,3441
RIFT,ELDORET_SOSIANI,1725
COAST,ELDORO_ATC,1098
WESTERN,ENDOINYO_NKOPIT,3600
NAIROBI WEST,ESCARPMENT_CURIOS,875
NAIROBI EAST,GAKUYU,835
MERU,GANTARI,1222
MERU,GETAUGA,2487
NAIROBI WEST,GICHURU,2568
WESTERN,GOGO,1167
EASTERN,HARGADERRA_G3,391
BUNGOMA,HAWINGA,918
WESTERN,IMBO_HILL,1776
BUNGOMA,INDANGALASIA,1874
RIFT,KAALING,105
WESTERN,KABAROTI_PRIMARY_SCHOOL,830
ABERDARE,KABATINI,3214
BUNGOMA,KADHIENO,1154
MERU,KAGAENE,1770
RIFT,KAISUNGUR_ATC,2090
BUNGOMA,KAKAMEGA_TOWN,1828
NAIROBI EAST,KAMBAA,2754
BUNGOMA,KAMUKUYWA,3516
RIFT,KAMWOSOR,1246
EASTERN,KANGUNDO,6969
MERU,KANYUAMBORA,2773
BUNGOMA,KAPKATENY,1243
WESTERN,KAPKIAM,2180
RIFT,KAPTARAKWA,1471
WESTERN,KEMBU,1330
BUNGOMA,KHALABA_BULIMBO,3454
NAIROBI CENTRAL,KIAMBAA_ATC,1099
MERU,KIBULINE,2250
EASTERN,KILEMBWA,1569
BUNGOMA,KIMANGETI,1702
NAIROBI CENTRAL,KINGEERO,1819
WESTERN,KIPCHIMCHIM,2910
WESTERN,KIPKELION,1470
MERU,KIRICHU,843
MERU,KIRINDINE,5882
WESTERN,KISII_MILIMANI_ATC,2173
WESTERN,KISII_NYAMATARO,2839
WESTERN,KISUMU_ELGONS_ESTATE,1701
WESTERN,KISUMU_RING,2719
EASTERN,KITENDE,1261
MERU,KITHELEWA,7830
EASTERN,KIVAA,2006
ABERDARE,KOINANGE_NYANDARUA,1594
EASTERN,KONGONI,3857
WESTERN,KORU,900
RIFT,KUSERUA_HILLS,3770
COAST,LANDI_ATC,1435
NAIROBI WEST,LARI,1853
ABERDARE,LESHAU_PONDO,2241
COAST,LUKORE,726
BUNGOMA,LUNGANYIRO,2386
WESTERN,LWANDA_KAWUOR,1994
EASTERN,MACHAKOS,257
RIFT,MACHEWA,715
NAIROBI WEST,MADARAKA_ATC,2381
ABERDARE,MAJI_MAZURI,695
COAST,MAMBRUI,3273
NAIROBI EAST,MARAGUA_TOWN,2390
ABERDARE,MARA_SERENA,253
WESTERN,MASOGO_MARKET,2981
COAST,MAVUENI_MAJAJANI,2899
RIFT,MEREWET,834
WESTERN,MEYINKWA,3163
COAST,MIRITINI_KILIFI,1085
NAIROBI WEST,MLOLONGO_EAST,3535
NAIROBI WEST,MLOLONGO_PHASE_III_ATC,6317
COAST,MOMBASA_AIRPORT,1689
COAST,MOMBASA_ALDINA_MIKINDANI,3662
COAST,MOMBASA_CHAANI_OTUNGA_SFC,3643
COAST,MOMBASA_CORONET_HOUSE,2584
COAST,MOMBASA_MBARAKI_NEW,2195
COAST,MOMBASA_MIKINDANI_CLINIC,2438
COAST,MOMBASA_MTONGWE,2948
COAST,MOMBASA_SHELLY_BEACH,3454
COAST,MOMBASA_SHIMANZI,1
COAST,MOMBASA_SHIMANZI_PORT_GATE,1881
WESTERN,MOTIGO,2010
MERU,MPURI,2807
COAST,MTOPANGA_SAFCOM,3221
EASTERN,MUAMBWANI,2186
BUNGOMA,MUMIAS_TOWN,5422
ABERDARE,MURKAN,2101
BUNGOMA,MUSANDA,1541
NAIROBI CENTRAL,NAIROBI_BANANA,2423
NAIROBI CENTRAL,NAIROBI_CABANAS_NEW,2693
NAIROBI CENTRAL,NAIROBI_CALIFORNIA,1552
NAIROBI EAST,NAIROBI_DANDORA_ATC,514
NAIROBI EAST,NAIROBI_DANDORA_MOWLEM,6500
NAIROBI CENTRAL,NAIROBI_DOONHOLM_CALTEX,3183
NAIROBI CENTRAL,NAIROBI_EDEN_SQUARE_MICRO,98
NAIROBI CENTRAL,NAIROBI_EMBAKASI_KIWANJA,5919
NAIROBI WEST,NAIROBI_FORCES_MEMORIAL,2095
NAIROBI CENTRAL,NAIROBI_FRIENDS_CHURCH_MARINGO,2454
NAIROBI EAST,NAIROBI_GITHURAI_45,3391
NAIROBI EAST,NAIROBI_GITHURAI_KIZITO,2686
NAIROBI EAST,NAIROBI_GITHURAI_LANGATA,3443
NAIROBI CENTRAL,NAIROBI_GREENFIELD,1606
NAIROBI CENTRAL,NAIROBI_HARAMBEE_ESTATE,1399
NAIROBI WEST,NAIROBI_HIGHWAY_ESTATE,1392
NAIROBI CENTRAL,NAIROBI_HURUMA_NGEI,6108
NAIROBI EAST,NAIROBI_JACARANDA_ESTATE_KAMITI,1660
NAIROBI CENTRAL,NAIROBI_JERUSALEM,3051
NAIROBI CENTRAL,NAIROBI_JKIA_MICRO,165
NAIROBI CENTRAL,NAIROBI_KAMPALA_ROAD,2115
NAIROBI WEST,NAIROBI_KAREN_CLUB,571
NAIROBI EAST,NAIROBI_KASARANI_CLAYWORKS,2238
NAIROBI WEST,NAIROBI_KAWANGWARE_SOKONI,4930
NAIROBI EAST,NAIROBI_KENYATTA_UNIVERSITY,1006
NAIROBI WEST,NAIROBI_KEPHIS,331
NAIROBI WEST,NAIROBI_KIBERA,2943
NAIROBI CENTRAL,NAIROBI_KIMATHI_HOUSE,1040
NAIROBI CENTRAL,NAIROBI_KITUSURU_ROAD,634
NAIROBI WEST,NAIROBI_LANDMARK_PLAZA,548
NAIROBI CENTRAL,NAIROBI_LORESHO_NEW,6500
NAIROBI CENTRAL,NAIROBI_MACHAKOS_ROAD,1474
NAIROBI CENTRAL,NAIROBI_MARIAKANI_SOUTH_B,780
NAIROBI WEST,NAIROBI_MAYOR_ROAD_ONGATA_RONGAI,2043
NAIROBI WEST,NAIROBI_MUTUINI_KIRIGU,1191
NAIROBI WEST,NAIROBI_MWITU_ESTATE,2700
NAIROBI CENTRAL,NAIROBI_NEW_CROSS_ROAD,1509
NAIROBI CENTRAL,NAIROBI_PANGANI_NEW,3256
NAIROBI CENTRAL,NAIROBI_PARKSIDE_TOWERS,1112
NAIROBI WEST,NAIROBI_RADISON_HOTEL_IBS,671
NAIROBI WEST,NAIROBI_RIRUTA,2775
NAIROBI WEST,NAIROBI_RONGAI_GATAKA_ROAD,2654
NAIROBI CENTRAL,NAIROBI_RUAI_TKL,1791
NAIROBI WEST,NAIROBI_SERENA_MICRO,17
NAIROBI CENTRAL,NAIROBI_TASSIA_2_ESTATE,1722
NAIROBI CENTRAL,NAIROBI_TRANSAMI,2174
NAIROBI CENTRAL,NAIROBI_UMOJA_MOI_DRIVE,2886
NAIROBI WEST,NAIROBI_WORLD_VISION,1143
ABERDARE,NAIVASHA_SITE_AND_SERVICE,2144
ABERDARE,NAIVASHA_SULMAC,999
ABERDARE,NAKURU_MENENGAI,618
ABERDARE,NAKURU_RHONDA_PRIMARY,2587
NAIROBI WEST,NAMANGA,2075
BUNGOMA,NAMWELA_CHWELE,3285
MERU,NANYUKI_SA_HOTEL,1321
BUNGOMA,NDERE,1760
MERU,NGAMWA,1790
ABERDARE,NGANO,1697
NAIROBI WEST,NGONG_OLKERI,1865
ABERDARE,NYAHURURU,3954
WESTERN,NYAMATARO_ATC,1758
BUNGOMA,NYAMONYE,2134
WESTERN,NYANDEMA,1519
MERU,NYERI_PROVINCIAL_HOSPITAL,2552
MERU,NYERI_ST_MARYS,831
EASTERN,OLDONYO_SABACH,194
EASTERN,OLDONYO_SABUK,3120
WESTERN,OMBO_MARKET,675
RIFT,OMPOLION,237
ABERDARE,OSERIAN,2582
ABERDARE,PRIMA_ROSA,1381
EASTERN,ROMBO,1510
WESTERN,RUSINGA_KASWANGA,1499
MERU,SAROVA_SHABA,647
COAST,SAROVA_WHITESANDS,352
RIFT,SEGERO_NEW,1299
MERU,SHEKI,3249
BUNGOMA,SHIATSALA,3402
BUNGOMA,SHIKOMARI,3219
BUNGOMA,SIAYA_AWELO,1936
RIFT,SIGOT_ATC,1147
WESTERN,SITOTWET,1996
ABERDARE,SOBEA,1814
COAST,SOKOKE,2797
WESTERN,SOTIK,3711
ABERDARE,SUGUTA_MARMAR,2175
NAIROBI EAST,THIKA_HAILE_SELASSIE_NEW,2658
NAIROBI EAST,THIKA_KILIFI_RD,3500
RIFT,TONGARENI,2076
RIFT,TONGAREN_PRIMARY,2367
EASTERN,TULIA,2651
RIFT,TURBO_NEW,4359
NAIROBI WEST,UMMA_UNIVERSITY,1212
BUNGOMA,VIYALO,2889
NAIROBI CENTRAL,WANGIGE,997
COAST,WATAMU_EAST,4267
WESTERN,WIGA,976
ABERDARE,YATYA,293
,,14840
